#----------------------------------------------------------------
# sequence
#---------------------------------------------------------------
INSERT INTO s_sequence (seq_key, cur_value, remark)
SELECT 'seq_u_check_type', 10, '检查类别序号' FROM DUAL WHERE NOT EXISTS(SELECT seq_key FROM s_sequence WHERE seq_key = 'seq_u_check_type');
INSERT INTO s_sequence (seq_key, cur_value, remark)
SELECT 'seq_u_check_item', 25, '检查项目序号' FROM DUAL WHERE NOT EXISTS(SELECT seq_key FROM s_sequence WHERE seq_key = 'seq_u_check_item');
INSERT INTO s_sequence (seq_key, cur_value, remark)
SELECT 'seq_u_check_content', 130, '检查内容序号' FROM DUAL WHERE NOT EXISTS(SELECT seq_key FROM s_sequence WHERE seq_key = 'seq_u_check_content');
INSERT INTO s_sequence (seq_key, cur_value, remark)
SELECT 'seq_u_risk_chemical', 10, '危化目录序号' FROM DUAL WHERE NOT EXISTS(SELECT seq_key FROM s_sequence WHERE seq_key = 'seq_u_risk_chemical');
INSERT INTO s_sequence (seq_key, cur_value, remark)
SELECT 'seq_u_spe_industry', 10, '特种行业序号' FROM DUAL WHERE NOT EXISTS(SELECT seq_key FROM s_sequence WHERE seq_key = 'seq_u_spe_industry');
INSERT INTO s_sequence (seq_key, cur_value, remark)
SELECT 'seq_u_ind_ctg', 1600, '行业分类序号' FROM DUAL WHERE NOT EXISTS(SELECT seq_key FROM s_sequence WHERE seq_key = 'seq_u_ind_ctg');

#-----------------------------------------------------------------
#初始检查类别数据
#-----------------------------------------------------------------
DELETE FROM b_check_type;

INSERT INTO b_check_type (id, name, create_time) VALUES
('001','基础管理', now()),
('002','现场管理', now());

#-----------------------------------------------------------------
#初始检查项目数据
#-----------------------------------------------------------------
DELETE FROM b_check_item;

INSERT INTO b_check_item (id, type_id, type_name, name, create_time) VALUES
('001','001', '基础管理', '资质证照', now()),
('002','001', '基础管理', '安全管理机构或人员', now()),
('003','001', '基础管理', '安全生产责任制', now()),
('004','001', '基础管理', '安全生产管理制度', now()),
('005','001', '基础管理', '安全生产教育培训', now()),
('006','001', '基础管理', '应急救援', now()),
('007','001', '基础管理', '安全生产投入', now()),
('008','001', '基础管理', '相关方基础管理', now()),
('009','002', '现场管理', '用电安全', now()),
('010','002', '现场管理', '消防与应急安全', now()),
('011','002', '现场管理', '场所环境', now()),
('012','002', '现场管理', '生产设备设施', now()),
('013','002', '现场管理', '特种设备现场管理', now()),
('014','002', '现场管理', '危险化学品', now()),
('015','002', '现场管理', '有限空间安全', now());

#-------------------------------------------------------------------
#初始检查表数据
#-------------------------------------------------------------------
DELETE FROM b_check_content;
INSERT INTO b_check_content (id, type_id, type_name, item_id, item_name, content, con_detail, law_item, create_time) VALUES
('00001','001', '基础管理', '001', '资质证照', '营业执照', '企业经营者应当依法向工商行政管理机关办理有关登记手续，取得工商营业执照。', '《中华人民共和国公司法》第七条', now()),
('00002','001', '基础管理', '001', '资质证照', '经营范围', '企业应当在规定的范围内经营。公司的经营范围中属于法律、行政法规规定须经批准的项目，应当依法经过批准。', '《中华人民共和国公司法》第十二条', now()),
('00003','001', '基础管理', '001', '资质证照', '消防安全检查意见书', '公众聚集场所在投入使用、营业前，建设单位或者使用单位应当向场所所在地的县级以上地方人民政府公安机关消防机构申请消防安全检查。公安机关消防机构应当自受理申请之日起十个工作日内，根据消防技术标准和管理规定，对该场所进行消防安全检查。未经消防安全检查或者经检查不符合消防安全要求的，不得投入使用、营业。', '《中华人民共和国消防法》第十五条', now()),
('00004','001', '基础管理', '002', '安全管理机构或人员', '安全管理机构或人员', '从业人员超过一百人的，应当设置安全生产管理机构或者配备专职安全生产管理人员；从业人员在一百人以下的，应当配备专职或者兼职的安全生产管理人员。履行的如下职责：
（一）组织或者参与拟订本单位安全生产规章制度、操作规程和生产安全事故应急救援预案；
（二）组织或者参与本单位安全生产教育和培训，如实记录安全生产教育和培训情况；
（三）督促落实本单位重大危险源的安全管理措施；
（四）组织或者参与本单位应急救援演练；
（五）检查本单位的安全生产状况，及时排查生产安全事故隐患，提出改进安全生产管理的建议；
（六）制止和纠正违章指挥、强令冒险作业、违反操作规程的行为；
（七）督促落实本单位安全生产整改措施。', '《中华人民共和国安全生产法》  第二十一条、第二十二条；', now()),
('00005','001', '基础管理', '003', '安全生产责任制', '安全生产责任制建立', ' 生产经营单位必须遵守本法和其他有关安全生产的法律、法规，加强安全生产管理，建立、健全安全生产责任制和安全生产规章制度，改善安全生产条件，推进安全生产标准化建设，提高安全生产水平，确保安全生产。', '《中华人民共和国安全生产法》  第四条', now()),
('00006','001', '基础管理', '003', '安全生产责任制', '主要负责人安全生产责任制', '生产经营单位的主要负责人对本单位安全生产工作负有下列职责：
（一）建立、健全本单位安全生产责任制；
（二）组织制定本单位安全生产规章制度和操作规程；
（三）组织制定并实施本单位安全生产教育和培训计划；
（四）保证本单位安全生产投入的有效实施；
（五）督促、检查本单位的安全生产工作，及时消除生产安全事故隐患；
（六）组织制定并实施本单位的生产安全事故应急救援预案；
（七）及时、如实报告生产安全事故。', '《中华人民共和国安全生产法》第十八条 ', now()),
('00007','001', '基础管理', '003', '安全生产责任制', '安全管理人员安全生产责任制', '生产经营单位的安全生产管理机构以及安全生产管理人员履行下列职责：
（一）组织或者参与拟订本单位安全生产规章制度、操作规程和生产安全事故应急救援预案；
（二）组织或者参与本单位安全生产教育和培训，如实记录安全生产教育和培训情况；
（三）督促落实本单位重大危险源的安全管理措施；
（四）组织或者参与本单位应急救援演练；
（五）检查本单位的安全生产状况，及时排查生产安全事故隐患，提出改进安全生产管理的建议；
（六）制止和纠正违章指挥、强令冒险作业、违反操作规程的行为；
（七）督促落实本单位安全生产整改措施。', '《中华人民共和国安全生产法》第二十二条 ', now()),
('00008','001', '基础管理', '003', '安全生产责任制', '安全生产责任制考核', '生产经营单位的安全生产责任制应当明确各岗位的责任人员、责任范围和考核标准等内容。生产经营单位应当建立相应的机制，加强对安全生产责任制落实情况的监督考核，保证安全生产责任制的落实。', '《中华人民共和国安全生产法》第十九条', now()),
('00009','001', '基础管理', '003', '安全生产责任制', '消防安全重点单位的消防安全职责', '1、落实消防安全责任制，制定本单位的消防安全制度、消防安全操作规程，制定灭火和应急疏散预案；
2、按照国家标准、行业标准配置消防设施、器材，设置消防安全标志，并定期组织检验、维修，确保完好有效；
3、对建筑消防设施每年至少进行一次全面检测，确保完好有效，检测记录应当完整准确，存档备查；
4、保障疏散通道、安全出口、消防车通道畅通，保证防火防烟分区、防火间距符合消防技术标准；
5、组织防火检查，及时消除火灾隐患；
6、组织进行有针对性的消防演练；
7、法律、法规规定的其他消防安全职责。
8、单位的主要负责人是本单位的消防安全责任人；
9、确定消防安全管理人，组织实施本单位的消防安全管理工作；
10、建立消防档案，确定消防安全重点部位，设置防火标志，实行严格管理；
11、实行每日防火巡查，并建立巡查记录；
12、对职工进行岗前消防安全培训，定期组织消防安全培训和消防演练。', '《中华人民共和国消防法》第16、17条', now()),
('00010','001', '基础管理', '003', '安全生产责任制', '一般单位消防安全职责', '1、落实消防安全责任制，制定本单位的消防安全制度、消防安全操作规程，制定灭火和应急疏散预案；
2、按照国家标准、行业标准配置消防设施、器材，设置消防安全标志，并定期组织检验、维修，确保完好有效；
3、对建筑消防设施每年至少进行一次全面检测，确保完好有效，检测记录应当完整准确，存档备查；
4、保障疏散通道、安全出口、消防车通道畅通，保证防火防烟分区、防火间距符合消防技术标准；
5、组织防火检查，及时消除火灾隐患；
6、组织进行有针对性的消防演练；
7、法律、法规规定的其他消防安全职责。
8、单位的主要负责人是本单位的消防安全责任人。', '《中华人民共和国消防法》第16条', now()),
('00011','001', '基础管理', '003', '安全生产责任制', '建筑工程施工现场的消防安全责任', '1、建筑工程施工现场的消防安全由施工单位负责；
2、施工总承包的，由总承包单位负责；
3、分包单位向总承包单位负责，服从总承包单位对施工现场的消防安全管理；
4、建筑物进行局部改建、扩建和装修的工程，建设单位应当与施工单位在订立的合同中明确各方对施工现场的消防安全责任；', '《机关、团体、企业、事业单位消防安全管理规定》第12条', now()),
('00012','001', '基础管理', '003', '安全生产责任制', '物业消防安全职责', '1、制定消防安全制度，落实消防安全责任，开展消防安全宣传教育；
2、开展防火检查，消除火灾隐患；
3、保障疏散通道、安全出口、消防车通道畅通；
4、保障公共消防设施、器材以及消防安全标志完好有效。', '《机关、团体、企业、事业单位消防安全管理规定》第10条', now()),
('00013','001', '基础管理', '004', '安全生产管理制度', '隐患排查治理制度', '生产经营单位应当建立健全生产安全事故隐患排查治理制度，采取技术、管理措施，及时发现并消除事故隐患。事故隐患排查治理情况应当如实记录，并向从业人员通报。
县级以上地方各级人民政府负有安全生产监督管理职责的部门应当建立健全重大事故隐患治理督办制度，督促生产经营单位消除重大事故隐患。', '《中华人民共和国安全生产法》第三十八条 ', now()),
('00014','001', '基础管理', '004', '安全生产管理制度', '危险物品管理制度', '生产、经营、运输、储存、使用危险物品或者处置废弃危险物品的，由有关主管部门依照有关法律、法规的规定和国家标准或者行业标准审批并实施监督管理。
生产经营单位生产、经营、运输、储存、使用危险物品或者处置废弃危险物品，必须执行有关法律、法规和国家标准或者行业标准，建立专门的安全管理制度，采取可靠的安全措施，接受有关主管部门依法实施的监督管理。', '《中华人民共和国安全生产法》第三十六条 ', now()),
('00015','001', '基础管理', '004', '安全生产管理制度', '危险物品管理制度', '生产经营单位应当建立安全培训管理制度，保障从业人员安全培训所需经费，对从业人员进行与其所从事岗位相应的安全教育培训；从业人员调整工作岗位或者采用新工艺、新技术、新设备、新材料的，应当对其进行专门的安全教育和培训。未经安全教育和培训合格的从业人员，不得上岗作业。', '《安全生产培训管理办法》（国家安全生产监督管理总局令第44号，80号令修订）第十条 ', now()),
('00016','001', '基础管理', '004', '安全生产管理制度', '安全费用管理制度', '企业应当建立健全内部安全费用管理制度，明确安全费用提取和使用的程序、职责及权限，按规定提取和使用安全费用。', '《企业安全生产费用提取和使用管理办法》第三十一条　', now()),
('00017','001', '基础管理', '004', '安全生产管理制度', '火灾隐患整改制度制定及落实', '火灾隐患整改制度制定及落实。', '《机关、团体、企业、事业单位消防安全管理规定》第18、30条、第43条第三项', now()),
('00018','001', '基础管理', '004', '安全生产管理制度', '防火防爆制度落实', '1、禁止在具有火灾、爆炸危险的场所吸烟、使用明火。
2、因施工等特殊情况需要使用明火作业的，应当按照规定事先办理审批手续，采取相应的消防安全措施;作业人员应当遵守消防安全规定。
3、对易燃易爆危险物品的生产、使用、储存、销售、运输或者销毁实行严格的消防安全管理。', '《中华人民共和国消防法》第21条第一款、《机关、团体、企业、事业单位消防安全管理规定》第22条', now()),
('00019','001', '基础管理', '004', '安全生产管理制度', '灭火和应急疏散预案演练制度', '1、单位具有灭火和应急疏散预案演练制度；
2、内容包括：
(一)组织机构，包括：灭火行动组、通讯联络组、疏散引导组、安全防护救护组；
(二)报警和接警处置程序；
(三)应急疏散的组织程序和措施；
(四)扑救初起火灾的程序和措施；
(五)通讯联络、安全防护救护的程序和措施。', '《中华人民共和国消防法》第16条第一款第（一）项、《机关、团体、企业、事业单位消防安全管理规定》第39条', now()),
('00020','001', '基础管理', '004', '安全生产管理制度', '灭火和应急疏散预案演练制度落实', '1、具有灭火和应急疏散预案的演练记录；
2、消防安全重点单位至少每半年进行一次演练；
3、其他单位应当结合本单位实际，至少每年组织一次演练；
4、消防演练时，应当设置明显标识并事先告知演练范围内的人员。', '《中华人民共和国消防法》第16条第一款第（六）项、《机关、团体、企业、事业单位消防安全管理规定》第40条、第43条 第（七）项', now()),
('00021','001', '基础管理', '004', '安全生产管理制度', '消防安全工作考评和奖惩制度', '具有消防安全工作考评和奖惩制度。', '《机关、团体、企业、事业单位消防安全管理规定》第18条', now()),
('00022','001', '基础管理', '005', '安全生产教育培训', '培训计划', '生产经营单位的主要负责人对本单位安全生产工作负有下列职责：
（三）制定并实施本单位安全生产教育和培训计划。', '《中华人民共和国安全生产法》第十八条（三）', now()),
('00023','001', '基础管理', '005', '安全生产教育培训', '主要负责人及安全管理人员培训情况', '生产经营单位主要负责人和安全生产管理人员应当接受安全培训，具备与所从事的生产经营活动相适应的安全生产知识和管理能力。
生产经营单位主要负责人安全培训应当包括下列内容：
（一）国家安全生产方针、政策和有关安全生产的法律、法规、规章及标准；
（二）安全生产管理基本知识、安全生产技术、安全生产专业知识；
（三）重大危险源管理、重大事故防范、应急管理和救援组织以及事故调查处理的有关规定；
（四）职业危害及其预防措施；
（五）国内外先进的安全生产管理经验；
（六）典型事故和应急救援案例分析；
（七）其他需要培训的内容。
生产经营单位安全生产管理人员安全培训应当包括下列内容：
（一）国家安全生产方针、政策和有关安全生产的法律、法规、规章及标准；
（二）安全生产管理、安全生产技术、职业卫生等知识；
（三）伤亡事故统计、报告及职业危害的调查处理方法；
（四）应急管理、应急预案编制以及应急处置的内容和要求；
（五）国内外先进的安全生产管理经验；
（六）典型事故和应急救援案例分析；
（七）其他需要培训的内容。', '《生产经营单位安全培训规定》（2006年国家安监总局令第3号，2013年国家安监总局令第63号修正，2015年国家安监总局令第80号修正）第六条 、第七条、第八条', now()),
('00024','001', '基础管理', '005', '安全生产教育培训', '培训学时', '生产经营单位主要负责人和安全生产管理人员初次安全培训时间不得少于32学时。每年再培训时间不得少于12学时。
生产经营单位新上岗的从业人员，岗前安全培训时间不得少于24学时。', '《生产经营单位安全培训规定》（2006年国家安监总局令第3号，2013年国家安监总局令第63号修正，2015年国家安监总局令第80号修正）第九条、第十三条', now()),
('00025','001', '基础管理', '005', '安全生产教育培训', '从业人员培训情况', '加工、制造业等生产单位的其他从业人员，在上岗前必须经过厂（矿）、车间（工段、区、队）、班组三级安全培训教育。
生产经营单位应当根据工作性质对其他从业人员进行安全培训，保证其具备本岗位安全操作、应急处置等知识和技能。', '《生产经营单位安全培训规定》（2006年国家安监总局令第3号，2013年国家安监总局令第63号修正，2015年国家安监总局令第80号修正）第十二条', now()),
('00026','001', '基础管理', '005', '安全生产教育培训', '特种作业人员培训、资格情况。', '生产经营单位的特种作业人员必须按照国家有关规定经专门的安全作业培训，取得相应资格，方可上岗作业。
特种作业人员的范围由国务院安全生产监督管理部门会同国务院有关部门确定。', '《中华人民共和国安全生产法》第二十七条', now()),
('00027','001', '基础管理', '005', '安全生产教育培训', '建立安全生产教育和培训档案情况。', '
生产经营单位应当建立安全生产教育和培训档案，如实记录安全生产教育和培训的时间、内容、参加人员以及考核结果等情况。', '《中华人民共和国安全生产法》第二十五条
第四款', now()),
('00028','001', '基础管理', '005', '安全生产教育培训', '消防安全教育、培训制度制定及落实', '单位消防安全制度主要包括以下内容：
1、消防安全教育、培训；
2、防火巡查、检查、安全疏散设施管理；
3、消防（控制室）值班；
4、消防设施、器材维护管理；
5、火灾隐患整改；
6、用火、用电安全管理；
7、易燃易爆危险物品和场所防火防爆；
8、专职和义务消防队的组织管理；
9、灭火和应急疏散预案演练；
10、燃气和电气设备的检查和管理（包括防雷、防静电）；
11、消防安全工作考评和奖惩；
12、其他必要的消防安全内容。', '《机关、团体、企业、事业单位消防安全管理规定》第18条', now()),
('00029','001', '基础管理', '006', '应急救援', '应急预案编制', '生产经营单位风险种类多、可能发生多种类型事故的，应当组织编制综合应急预案。
综合应急预案应当规定应急组织机构及其职责、应急预案体系、事故风险描述、预警及信息报告、应急响应、保障措施、应急预案管理等内容。', '《生产安全事故应急预案管理办法》第十三条  ', now()),
('00030','001', '基础管理', '006', '应急救援', '应急预案备案', '非煤矿山、金属冶炼和危险化学品生产、经营、储存企业，以及使用危险化学品达到国家规定数量的化工企业、烟花爆竹生产、批发经营企业的应急预案，按照隶属关系报所在地县级以上地方人民政府安全生产监督管理部门备案；其他生产经营单位应急预案的备案，由省、自治区、直辖市人民政府负有安全生产监督管理职责的部门确定。
', '《生产安全事故应急预案管理办法》第二十六条第三款  ', now()),
('00031','001', '基础管理', '006', '应急救援', '应急预案培训', '
生产经营单位应当组织开展本单位的应急预案、应急知识、自救互救和避险逃生技能的培训活动，使有关人员了解应急预案内容，熟悉应急职责、应急处置程序和措施。

', '《生产安全事故应急预案管理办法》第三十一条 第二款', now()),
('00032','001', '基础管理', '006', '应急救援', '应急预案演练', '生产经营单位应当制定本单位的应急预案演练计划，根据本单位的事故风险特点，每年至少组织一次综合应急预案演练或者专项应急预案演练，每半年至少组织一次现场处置方案演练。', '《生产安全事故应急预案管理办法》第三十三条  ', now()),
('00033','001', '基础管理', '006', '应急救援', '应急预案评估', ' 应急预案编制单位应当建立应急预案定期评估制度，对预案内容的针对性和实用性进行分析，并对应急预案是否需要修订作出结论。
矿山、金属冶炼、建筑施工企业和易燃易爆物品、危险化学品等危险物品的生产、经营、储存企业、使用危险化学品达到国家规定数量的化工企业、烟花爆竹生产、批发经营企业和中型规模以上的其他生产经营单位，应当每三年进行一次应急预案评估。
应急预案评估可以邀请相关专业机构或者有关专家、有实际应急救援工作经验的人员参加，必要时可以委托安全生产技术服务机构实施。
', '《生产安全事故应急预案管理办法》第三十五条 ', now()),
('00034','001', '基础管理', '006', '应急救援', '应急物资配备', ' 生产经营单位应当按照应急预案的规定，落实应急指挥体系、应急救援队伍、应急物资及装备，建立应急物资、装备配备及其使用档案，并对应急物资、装备进行定期检测和维护，使其处于适用状态。
', '《生产安全事故应急预案管理办法》第三十八条 ', now()),
('00035','001', '基础管理', '006', '应急救援', '救护队或救护协议', '危险物品的生产、经营、储存单位以及矿山、金属冶炼、城市轨道交通运营、建筑施工单位应当建立应急救援组织；生产经营规模较小的，可以不建立应急救援组织，但应当指定兼职的应急救援人员。', '《中华人民共和国安全生产法》第七十九条第一款。', now()),
('00036','001', '基础管理', '007', '安全生产投入', '安全生产投入', '生产经营单位应当具备的安全生产条件所必需的资金投入，由生产经营单位的决策机构、主要负责人或者个人经营的投资人予以保证，并对由于安全生产所必需的资金投入不足导致的后果承担责任。
', '《中华人民共和国安全生产法》第二十条第一款', now()),
('00037','001', '基础管理', '007', '安全生产投入', '安全费用提取和使用计划', '企业应当加强安全费用管理，编制年度安全费用提取和使用计划，纳入企业财务预算。企业年度安全费用使用计划和上一年安全费用的提取、使用情况按照管理权限报同级财政部门、安全生产监督管理部门、煤矿安全监察机构和行业主管部门备案。', '《企业安全生产费用提取和使用管理办法》第三十二条　', now()),
('00038','001', '基础管理', '007', '安全生产投入', '相关保险', '生产经营单位必须依法参加工伤保险，为从业人员缴纳保险费。国家鼓励生产经营单位投保安全生产责任保险。', '《中华人民共和国安全生产法》第四十八条 ', now()),
('00039','001', '基础管理', '008', '相关方基础管理', '生产经营项目、场所、设备发包或者出租', '生产经营单位不得将生产经营项目、场所、设备发包或者出租给不具备安全生产条件或者相应资质的单位或者个人。
生', '《中华人民共和国安全生产法》第四十六条 第一款', now()),
('00040','001', '基础管理', '008', '相关方基础管理', '生产经营项目、场所、设备发包或者出租协议', '产经营项目、场所发包或者出租给其他单位的，生产经营单位应当与承包单位、承租单位签订专门的安全生产管理协议，或者在承包合同、租赁合同中约定各自的安全生产管理职责；生产经营单位对承包单位、承租单位的安全生产工作统一协调、管理，定期进行安全检查，发现安全问题的，应当及时督促整改。', '《中华人民共和国安全生产法》第四十六条 第二款', now()),
('00041','001', '基础管理', '008', '相关方基础管理', '两个以上生产经营单位在同一作业区域内进行生产经营活动', '两个以上生产经营单位在同一作业区域内进行生产经营活动，可能危及对方生产安全的，应当签订安全生产管理协议，明确各自的安全生产管理职责和应当采取的安全措施，并指定专职安全生产管理人员进行安全检查与协调。', '《中华人民共和国安全生产法》第四十五条 ', now()),
('00042','002', '现场管理', '009', '用电安全', '变配电室', '出入口设置高度不低于400mm 的挡板。', '《变配电室安全管理规范》第5.6条', now()),
('00043','002', '现场管理', '009', '用电安全', '变配电室', '1、长度大于7m 的配电室应有2 个出入口。
2、宜布置在配电室的两端。
3、变配电室为多层建筑时，应有一个出口通向室外楼梯平台。
4、平台应有固定的护栏。', '《变配电室安全管理规范》第5.7条', now()),
('00044','002', '现场管理', '009', '用电安全', '变配电室', '1、具有应急照明灯具。
2、具有疏散指示标志灯。
3、备用的充电电源放电时间不低于20min。', '《变配电室安全管理规范》第5.14.1条', now()),
('00045','002', '现场管理', '009', '用电安全', '变配电室', '1、变配电室具有安全用具。
2、具有架空进出线的变配电室应备有登高工具，包括：安全带、脚扣、升降板、紧线器、竹（木）梯、尼龙绳等。
3、各种安全用具首次使用前应进行试验或检验并定期复检，合格后方可使用。
4、安全用具不应超期使用。
5、绝缘拉杆、绝缘挡板、绝缘罩、绝缘夹钳的试验绝缘周期为每年一次，高压验电器、绝缘手套、绝缘靴、核相器电阻管、绝缘绳的试验绝缘周期为每半年一次。', '《变配电室安全管理规范》第5.18.3条、5.18.3.1条、5.18.3.2条', now()),
('00046','002', '现场管理', '009', '用电安全', '变配电室', '1、安全用具应妥善保管，存放在干燥通风的处所；
2、绝缘拉杆应悬挂或架在支架上，不应与墙接触；
3、绝缘手套、绝缘靴应存放在密闭的橱内，并与其他工具仪表分别存放，绝缘靴不应代替一般雨靴使用，绝缘工具不合格的不得存放在工作现场；
4、绝缘垫和绝缘台应经常保持清洁、无损伤；
5、高压验电器应存放在防潮的匣内，并将匣放在干燥的地方；
6、安全用具不允许当作其它工具使用；
', '《变配电室安全管理规范》第5.18.5条', now()),
('00047','002', '现场管理', '009', '用电安全', '变配电室', '1、配电室的门均应向外开启。
2、通向高压配电室的门应为双向开启门。', '《低压配电设计规范》（CB 50054—2011）第3.3.2条', now()),
('00048','002', '现场管理', '009', '用电安全', '配电箱', '触电危险性大或作业环境较差的场所应安装封闭式配电箱（柜），且用不可燃材料制作。', '《户外配电箱通用技术条件》第6.2.3条', now()),
('00049','002', '现场管理', '009', '用电安全', '配电箱', '配电箱（柜）上应张贴安全警示标志。', '', now()),
('00050','002', '现场管理', '009', '用电安全', '配电箱', '配电箱（柜）内无积尘、积水或杂物。', '', now()),
('00051','002', '现场管理', '009', '用电安全', '配电箱', '配电箱内张贴电气控制线路图，开关上张贴分路标识。', '', now()),
('00052','002', '现场管理', '009', '用电安全', '配电箱', '线路相序、相色正确、标志齐全、清晰，接线压接规范：
（1）保护地线（PE）应为绿、黄相间色，箱门；
（2）中性线（N）应为淡蓝色；
（3）相线应符合下列规定：L1应为黄色，L2应为绿色，L3应为红色。', 'GB 50575一2010《1kV及以下配线工程施工与验收规范》第5.1.1条', now()),
('00053','002', '现场管理', '009', '用电安全', '配电箱', '开关的保护导线配置合理，不得有大开关配小导线现象。', '', now()),
('00054','002', '现场管理', '009', '用电安全', '配电箱', '箱柜体插座连接正确，并配有漏电保护器，必须安装漏电保护装置的设备和场所：
（1）属于I类的移动式电气设备及手持式电动工具；
（2）生产用的电气设备；
（3）安装在户外的电气装置；
（4）临时用电的电气设备；
（5）其他', 'GB 13955一2005《剩余电流动作保护装置安装和运行》第4.5条', now()),
('00055','002', '现场管理', '009', '用电安全', '配电箱', '配电箱前应留有足够的安全工作空间和通道，不得隐藏或遮挡配电箱的操作空间。', '', now()),
('00056','002', '现场管理', '009', '用电安全', '配电箱', '落地安装的配电柜且有大面积带电体裸露时，配电柜前应铺设绝缘胶垫。', '', now()),
('00057','002', '现场管理', '009', '用电安全', '保护系统', '进入爆炸危险场所的电源，如果使用TN型电源系统，应为危险场所中的TN-S型，即在危险场所中，中性线与保护线不应连在一起或合并成一根导线，从TN-C到TN-S型转换的任何部位，保护线应在非危险场所与等电位连接系统相连。', '《危险场所电气防爆安全规范》第6.1.1.4.5条；', now()),
('00058','002', '现场管理', '009', '用电安全', '保护系统', '由同一台发电机、配电变压器或同一段母线供电的低压电力网，不宜同时采用两种系统接地型式。在同一低压配电系统中，当全部采用TN系统确有困难时，也可部分采用TT系统接地型式。但采用TT 系统供电部分均应装设能自动切除接地故障的装置（包括剩余电流动作保护装置）或经由隔离变压器供电。', 'JGJ 16一2008《民用建筑电气设计规范》第12.2.5条', now()),
('00059','002', '现场管理', '009', '用电安全', '灯具选型', '130.照明灯具的选型、安装应与作业场所相适应：
（1）潮湿场所应选用密闭式防水照明灯具，且照明电源不得大于24V；
（2）腐蚀性场所应选用耐酸碱型照明灯具；
（3）易燃物品存放场所不得使用聚光灯、碘钨灯等灯具；
（4）有限空间、高温、有导电灰尘、离地不足2.5m的固定式照明电源不得大于36V。', 'GB 50034一2013《建筑照明设计标准》第3.3.5条', now()),
('00060','002', '现场管理', '010', '消防与应急安全', '消防设施和器材', '按有关规定配置消防设施，并进行定期维护和更换：
（1）一个计算单元内配置的灭火器数量不得少于2具，每个设置点的灭火器数量不宜多于5具；
（2）手提式灭火器宜设置在灭火器箱内或挂钩、托架上，其顶部离地面高度不应大于1.5m；
（3）灭火器箱不得上锁。', 'GB 50140一2005《建筑灭火器配置设计规范》6.2、第5.1.3条、第6.1.1条、第6.1.2条', now()),
('00061','002', '现场管理', '010', '消防与应急安全', '消防设施和器材', '消防设施与器材不得遮挡影响使用或者被挪作他用，应设置在位置明显和便于取用的地点，且不得影响安全疏散。', '《中华人民共和国消防法》第二十八条', now()),
('00062','002', '现场管理', '010', '消防与应急安全', '消防设施和器材', '对有视线障碍的灭火器设置点，应设置指示其位置的发光标志。', 'GB 50140一2005《建筑灭火器配置设计规范》第5.1.1条、第5.1.2条', now()),
('00063','002', '现场管理', '010', '消防与应急安全', '消防设施和器材', '1、按照国家标准、行业标准配置消防设施、器材，设置消防安全标志；
2、定期组织检验、维修，确保完好有效；
3、具有检测记录且记录要求完整准确；
4、建筑消防设施每年至少进行一次全面检测。', '《中华人民共和国消防法》第16条第（二）项、第（三）项', now()),
('00064','002', '现场管理', '010', '消防与应急安全', '消防通道', '高层厂房，占地面积大于3000m2的甲、乙、丙类厂房和占地面积大于1500m2的乙、丙类仓库，应设置环形消防车道，确有困难时，应沿建筑物的两个长边设置消防车道。', 'GB 50016一2014《建筑设计防火规范》第7.1.3条、第7.1.8条', now()),
('00065','002', '现场管理', '010', '消防与应急安全', '消防通道', '消防车道的净宽度和净空高度均不应小于4m，转弯半径应满足消防车转弯的要求。', '', now()),
('00066','002', '现场管理', '010', '消防与应急安全', '消防通道', '不得占用、堵塞、封闭消防车通道。', '《中华人民共和国消防法》第二十八条', now()),
('00067','002', '现场管理', '010', '消防与应急安全', '安全出口', '安全出口、疏散用门不得上锁、封堵。', '《中华人民共和国消防法》第二十八条', now()),
('00068','002', '现场管理', '010', '消防与应急安全', '安全出口', '厂房疏散用门应采用向疏散方向开启的平开门，不得采用推拉门、卷帘门、吊门、转门和折叠门。', 'GB 50016一2014《建筑设计防火规范》第6.4.11条', now()),
('00069','002', '现场管理', '010', '消防与应急安全', '安全出口', '除甲、乙类生产车间外，人数不超过60人且每樘门的平均疏散人数不超过30人的房间，其疏散门的开启方向不限。', '', now()),
('00070','002', '现场管理', '010', '消防与应急安全', '疏散标志', '消防安全疏散标志应完好有效，且设置应符合下列规定：
（1）应设置在安全出口和疏散门的正上方；
（2）应设置在疏散通道及其转角处距地面高度1m以下的墙面或地面上；
（3）应设置在醒目位置，不应被遮挡；
（4）不应设置在可开启的门、窗扇上或其它可移动的物体上。', 'GB 50016一2014《建筑设计防火规范》第10.3.5条', now()),
('00071','002', '现场管理', '010', '消防与应急安全', '消防通道', '高层厂房，占地面积大于3000m2的甲、乙、丙类厂房和占地面积大于1500m2的乙、丙类仓库，应设置环形消防车道，确有困难时，应沿建筑物的两个长边设置消防车道。', 'GB 50016一2014《建筑设计防火规范》第7.1.3条、第7.1.8条', now()),
('00072','002', '现场管理', '010', '消防与应急安全', '消防通道', '消防车道的净宽度和净空高度均不应小于4m，转弯半径应满足消防车转弯的要求。', '', now()),
('00073','002', '现场管理', '010', '消防与应急安全', '消防通道', '不得占用、堵塞、封闭消防车通道。', '《中华人民共和国消防法》第二十八条', now()),
('00074','002', '现场管理', '010', '消防与应急安全', '应急照明', '安全出口、疏散通道及重点部位应设置应急照明灯，并且连续照明时间不得少于30min。', 'GB 50016一2014《建筑设计防火规范》第10.1.5条', now()),
('00075','002', '现场管理', '011', '场所环境', '建筑结构', '每座仓库的安全出口不应少于2个，当一座仓库的占地面积不大于300m2时，可设置1个安全出口。', 'GB 50016一2014《建筑设计防火规范》第3.8.2条', now()),
('00076','002', '现场管理', '011', '场所环境', '建筑结构', '地下或半地下仓库的安全出口不应少于2个，当建筑面积不大于100m2时，可设置1个安全出口。', 'GB 50016一2014《建筑设计防火规范》第3.8.3条', now()),
('00077','002', '现场管理', '011', '场所环境', '功能分区', '员工宿舍严禁设置在厂房或仓库内。', 'GB 50016一2014《建筑设计防火规范》第3.3.5条、第3.3.9条', now()),
('00078','002', '现场管理', '011', '场所环境', '功能分区', '甲、乙类仓库内不能设置办公室、休息室。其他室内储存场所确需设办公室时，其耐火等级应为一、二级，且门、窗应直通库外。', 'GB 50016一2014《建筑设计防火规范》第3.3.9条；', now()),
('00079','002', '现场管理', '011', '场所环境', '功能分区', '工位附近的地面上，不允许存放与生产无关的物品，不允许有黄油、油液和水积存。', 'GB 5083一1999《生产设备安全卫生设计总则》第5.8.1条', now()),
('00080','002', '现场管理', '011', '场所环境', '功能分区', '作业区的生产物料、产品、半成品的堆放，应用黄色或白色标记在地面上标出存放范围，或设置支架、平台存放，保证人员安全，通道畅通。', 'GB/T 12801一2008《生产过程安全卫生要求总则》第5.7.5条', now()),
('00081','002', '现场管理', '011', '场所环境', '宿舍', '人员密集场所室内装修、装饰，应当按照消防技术标准的要求，使用不燃、难燃材料。', '《中华人民共和国消防法》第二十六条 第二款', now()),
('00082','002', '现场管理', '012', '生产设备设施', '工艺要求', '不得使用应当淘汰的危及生产安全的工艺、设备。', '《中华人民共和国安全生产法》第三十五条', now()),
('00083','002', '现场管理', '012', '生产设备设施', '操作规程', '操作规程应在设备设施显著位置悬挂。', '《企业安全生产风险公告六条规定》第四条', now()),
('00084','002', '现场管理', '012', '生产设备设施', '安全标志', '设备危险部位都应有明显安全警示标志：
（1）旋转或直线运动的零件或工件，包括旋转的轴、砂轮、飞轮、刀具或刃具、曲轴和曲柄、蜗轮和蜗杆；相互啮合的外露齿轮；旋转运动的部件上的凸出物，如定位螺丝、键或销；皮带与皮带轮之间、链与链轮之间；不连续的旋转零件，如：风机叶片；冲头和模具；高速旋转运动部件；
（2）带尖角、锐边或锋利的零部件；
（3）机械设备表面上的毛刺、利棱、尖角及凹凸不平的表面；
（4）机械加工设备的工作区。', '《机械制造企业安全生产标准化规范》第5.1.4条', now()),
('00085','002', '现场管理', '012', '生产设备设施', '接地', '设备接地线连接正确、可靠。', '《国家电气设备安全技术规范》第2.2.4条', now()),
('00086','002', '现场管理', '012', '生产设备设施', '安全防护', '对运动传递部件，如皮带轮、皮带、齿轮、导轨、齿杆、传动轴产生的危险的防护，应采用固定式防护装置或活动式联锁防护装置。', '《机械安全防护装置固定式和活动式防护装置设计与制造一般要求》第6.4.1条', now()),
('00087','002', '现场管理', '012', '生产设备设施', '设备防护', '各类行程限位装置、过载保护装置、电气与机械联锁装置、紧急制动装置、声光报警装置、自动保护装置应完好、可靠；操作手柄、显示屏和指示仪表应完好；附属装置应齐全。', '《机械安全防护装置固定式和活动式防护装置设计与制造一般要求》第6.4.2条', now()),
('00088','002', '现场管理', '013', '特种设备现场管理', '登记', '未经定期检验或检验不合格的特种设备，不得继续使用；使用登记标志置于其显著位置。', '《特种设备安全法》第三十三条', now()),
('00089','002', '现场管理', '013', '特种设备现场管理', '注销', '存在严重事故隐患，无改造、修理价值，或者达到安全技术规范规定的其他报废条件的，应向原登记的负责特种设备安全监督管理的部门办理使用登记证书注销手续。', '《特种设备安全法》第四十八条', now()),
('00090','002', '现场管理', '014', '危险化学品', '基本要求', '危险化学品应储存在专用仓库、专用场地或者专用储存室内。', '《危险化学品安全管理条例》第二十四条；《常用化学危险品贮存通则》第4.8条', now()),
('00091','002', '现场管理', '014', '危险化学品', '基本要求', '贮存化学危险品的建筑物不得有地下室或其他地下建筑。', '《常用化学危险品贮存通则》第5.1条', now()),
('00092','002', '现场管理', '014', '危险化学品', '基本要求', '采购危险化学品应采购具有安全生产许可证或经营许可证的有资质单位。', '《安全生产许可证条例》第二条', now()),
('00093','002', '现场管理', '014', '危险化学品', '储存', '危险化学品应由专人负责管理。根据危险品性能分区、分类、分库贮存。各类危险品不得与禁忌物料混合贮存。', '《危险化学品安全管理条例》第二十四条；《常用化学危险品贮存通则》第4.8条', now()),
('00094','002', '现场管理', '014', '危险化学品', '储存', '贮存易燃、易爆危险化学品的建筑，必须安装避雷设备。', '《常用化学危险品贮存通则》第5.3.3条', now()),
('00095','002', '现场管理', '014', '危险化学品', '储存', '贮存危险化学品的建筑必须安装通风设备。', '《常用化学危险品贮存通则》第5.4.1条', now()),
('00096','002', '现场管理', '014', '危险化学品', '储存', '危险化学品仓库应设置明显的标志，危险化学品存储容器上应张贴中文标识。', '《危险化学品安全管理条例》第二十六条', now()),
('00097','002', '现场管理', '014', '危险化学品', '储存', '储存易燃气体、易燃液体的危险化学品仓库应设置可燃气体报警装置。', '《危险化学品仓库建设与储存安全规范》第4.3.4条', now()),
('00098','002', '现场管理', '014', '危险化学品', '使用', '不得使用国家禁止使用的危险化学品。', '《危险化学品安全管理条例》第五条', now()),
('00099','002', '现场管理', '014', '危险化学品', '使用', '车间内存放危险化学品的使用量，不宜超过一昼夜的需要量；工作岗位使用存放量不宜超过当班使用量。', '《危险化学品安全管理条例》第五条', now()),
('00100','002', '现场管理', '015', '有限空间安全', '检测', '有限空间作业应当严格遵守“先通风、再检测、后作业”的原则。检测指标包括氧浓度、易燃易爆物质（可燃性气体、爆炸性粉尘）浓度、有毒有害气体浓度。检测应当符合相关国家标准或者行业标准的规定。
未经通风和检测合格，任何人员不得进入有限空间作业。检测的时间不得早于作业开始前30分钟。', '国家安全生产监督管理总局令第69号《有限空间安全作业五条规定》第十二条', now()),
('00101','002', '现场管理', '015', '有限空间安全', '检测', '在有限空间作业过程中，工贸企业应当对作业场所中的危险有害因素进行定时检测或者连续监测。
作业中断超过30分钟，作业人员再次进入有限空间作业前，应当重新通风、检测合格后方可进入。', '国家安全生产监督管理总局令第69号《有限空间安全作业五条规定》第十六条 ', now()),
('00102','002', '现场管理', '015', '有限空间安全', '审批与监护', '工贸企业实施有限空间作业前，应当对作业环境进行评估，分析存在的危险有害因素，提出消除、控制危害的措施，制定有限空间作业方案，并经本企业安全生产管理人员审核，负责人批准。', '国家安全生产监督管理总局令第59号《工贸企业有限空间作业安全管理与监督暂行规定》第八条', now()),
('00103','002', '现场管理', '015', '有限空间安全', '审批与监护', '工贸企业实施有限空间作业前，应当将有限空间作业方案和作业现场可能存在的危险有害因素、防控措施告知作业人员。现场负责人应当监督作业人员按照方案进行作业准备。', '国家安全生产监督管理总局令第60号《工贸企业有限空间作业安全管理与监督暂行规定》第十条', now()),
('00104','002', '现场管理', '015', '有限空间安全', '审批与监护', '工贸企业应当按照有限空间作业方案，明确作业现场负责人、监护人员、作业人员及其安全职责。', '国家安全生产监督管理总局令第59号《工贸企业有限空间作业安全管理与监督暂行规定》第九条', now()),
('00105','002', '现场管理', '015', '有限空间安全', '防护', '工贸企业应当根据有限空间存在危险有害因素的种类和危害程度，为作业人员提供符合国家标准或者行业标准规定的劳动防护用品，并教育监督作业人员正确佩戴与使用。', '国家安全生产监督管理总局令第60号《工贸企业有限空间作业安全管理与监督暂行规定》第十八条 ', now()),
('00106','002', '现场管理', '015', '有限空间安全', '防护', '工贸企业应当采取可靠的隔断（隔离）措施，将可能危及作业安全的设施设备、存在有毒有害物质的空间与作业地点隔开。', '国家安全生产监督管理总局令第61号《工贸企业有限空间作业安全管理与监督暂行规定》第十一条 ', now());

#------------------------------------------------------------------------
#初始行业数据
#------------------------------------------------------------------------
DELETE FROM b_ind_ctg;

INSERT INTO b_ind_ctg (id, num, name, parent_id, level, create_time) VALUES
('00001', 'A', 'A农、林、牧、渔业', 'root', 1, now()),
('00082', 'B', 'B采矿业', 'root', 1, now()),
('00132', 'C', 'C制造业', 'root', 1, now()),
('00809', 'D', 'D电力、热力、燃气及水生产和供应业', 'root', 1, now()),
('00826', 'E', 'E建筑业', 'root', 1, now()),
('00856', 'F', 'F批发和零售业', 'root', 1, now()),
('00990', 'G', 'G交通运输、仓储和邮政业', 'root', 1, now()),
('01058', 'H', 'H住宿和餐饮业', 'root', 1, now()),
('01079', 'I', 'I信息传输、软件和信息技术服务业', 'root', 1, now()),
('01103', 'J', 'J金融业', 'root', 1, now()),
('01143', 'K', 'K房地产业', 'root', 1, now()),
('01150', 'L', 'L租赁和商务服务业', 'root', 1, now()),
('01201', 'M', 'M科学研究和技术服务业', 'root', 1, now()),
('01247', 'N', 'N水利、环境和公共设施管理业', 'root', 1, now()),
('01281', 'O', 'O居民服务、修理和其他服务业', 'root', 1, now()),
('01316', 'P', 'P教育', 'root', 1, now()),
('01339', 'Q', 'Q卫生和社会工作', 'root', 1, now()),
('01369', 'R', 'R文化、体育和娱乐业', 'root', 1, now()),
('01415', 'S', 'S公共管理、社会保障和社会组织', 'root', 1, now()),
('01451', 'T', 'T国际组织', 'root', 1, now()),
('00002', '01', '01农业', '00001', 2, now()),
('00035', '02', '02林业', '00001', 2, now()),
('00047', '03', '03畜牧业', '00001', 2, now()),
('00062', '04', '04渔业', '00001', 2, now()),
('00069', '05', '05农、林、牧、渔服务业', '00001', 2, now()),
('00083', '06', '06煤炭开采和洗选业', '00082', 2, now()),
('00087', '07', '07石油和天然气开采业', '00082', 2, now()),
('00090', '08', '08黑色金属矿采选业', '00082', 2, now()),
('00094', '09', '09有色金属矿采选业', '00082', 2, now()),
('00113', '10', '10非金属矿采选业', '00082', 2, now()),
('00126', '11', '11开采专业及辅助性活动', '00082', 2, now()),
('00130', '12', '12其他采矿业', '00082', 2, now()),
('00133', '13', '13农副食品加工业', '00132', 2, now()),
('00158', '14', '14食品制造业', '00132', 2, now()),
('00186', '15', '15酒、饮料和精制茶制造业', '00132', 2, now()),
('00202', '16', '16烟草制品业', '00132', 2, now()),
('00206', '17', '17纺织业', '00132', 2, now()),
('00241', '18', '18纺织服装、服饰业', '00132', 2, now()),
('00245', '19', '19皮革、毛皮、羽毛及其制品和制鞋业', '00132', 2, now()),
('00265', '20', '20木材加工和木、竹、藤、棕、草制品业', '00132', 2, now()),
('00287', '21', '21家具制造业', '00132', 2, now()),
('00293', '22', '22造纸和纸制品业', '00132', 2, now()),
('00304', '23', '23印刷和记录媒介复制业', '00132', 2, now()),
('00311', '24', '24文教、工美、体育和娱乐用品制造业', '00132', 2, now()),
('00344', '25', '25石油、煤炭及其它燃料加工业', '00132', 2, now()),
('00350', '26', '26化学原料和化学制品制造业', '00132', 2, now()),
('00395', '27', '27医药制造业', '00132', 2, now()),
('00403', '28', '28化学纤维制造业', '00132', 2, now()),
('00415', '29', '29橡胶和塑料制品业', '00132', 2, now()),
('00433', '30', '30非金属矿物制品业', '00132', 2, now()),
('00477', '31', '31黑色金属冶炼和压延加工业', '00132', 2, now()),
('00483', '32', '32有色金属冶炼和压延加工业', '00132', 2, now()),
('00509', '33', '33金属制品业', '00132', 2, now()),
('00544', '34', '34通用设备制造业', '00132', 2, now()),
('00598', '35', '35专用设备制造业', '00132', 2, now()),
('00660', '36', '36汽车制造业', '00132', 2, now()),
('00667', '37', '37铁路、船舶、航空航天和其他运输设备制造业', '00132', 2, now()),
('00697', '38', '38电气机械和器材制造业', '00132', 2, now()),
('00737', '39', '39计算机、通信和其他电子设备制造业', '00132', 2, now()),
('00764', '40', '40仪器仪表制造业', '00132', 2, now()),
('00787', '41', '41其他制造业', '00132', 2, now()),
('00794', '42', '42废弃资源综合利用业', '00132', 2, now()),
('00797', '43', '43金属制品、机械和设备修理业', '00132', 2, now()),
('00810', '44', '44电力、热力生产和供应业', '00809', 2, now()),
('00820', '45', '45燃气生产和供应业', '00809', 2, now()),
('00822', '46', '46水的生产和供应业', '00809', 2, now()),
('00827', '47', '47房屋建筑业', '00826', 2, now()),
('00829', '48', '48土木工程建筑业', '00826', 2, now()),
('00845', '49', '49建筑安装业', '00826', 2, now()),
('00849', '50', '50建筑装饰和其他建筑业', '00826', 2, now()),
('00857', '51', '51批发业', '00856', 2, now()),
('00924', '52', '52零售业', '00856', 2, now()),
('00991', '53', '53铁路运输业', '00990', 2, now()),
('00998', '54', '54道路运输业', '00990', 2, now()),
('01010', '55', '55水上运输业', '00990', 2, now()),
('01023', '56', '56航空运输业', '00990', 2, now()),
('01032', '57', '57管道运输业', '00990', 2, now()),
('01034', '58', '58多式联运和运输代理业', '00990', 2, now()),
('01040', '59', '59装卸搬运和仓储业', '00990', 2, now()),
('01054', '60', '60邮政业', '00990', 2, now()),
('01059', '61', '61住宿业', '01058', 2, now()),
('01067', '62', '62餐饮业', '01058', 2, now()),
('01080', '63', '63电信、广播电视和卫星传输服务', '01079', 2, now()),
('01089', '64', '64互联网和相关服务', '01079', 2, now()),
('01093', '65', '65软件和信息技术服务业', '01079', 2, now()),
('01104', '66', '66货币金融服务', '01103', 2, now()),
('01113', '67', '67资本市场服务', '01103', 2, now()),
('01125', '68', '68保险业', '01103', 2, now()),
('01137', '69', '69其他金融业', '01103', 2, now()),
('01144', '70', '70房地产业', '01143', 2, now()),
('01151', '71', '71租赁业', '01150', 2, now()),
('01163', '72', '72商务服务业', '01150', 2, now()),
('01202', '73', '73研究和试验发展', '01201', 2, now()),
('01208', '74', '74专业技术服务业', '01201', 2, now()),
('01238', '75', '75科技推广和应用服务业', '01201', 2, now()),
('01248', '76', '76水利管理业', '01247', 2, now()),
('01254', '77', '77生态保护和环境治理业', '01247', 2, now()),
('01267', '78', '78公共设施管理业', '01247', 2, now()),
('01275', '79', '79土地管理业', '01247', 2, now()),
('01282', '80', '80居民服务业', '01281', 2, now()),
('01295', '81', '81机动车、电子产品和日用产品修理业', '01281', 2, now()),
('01311', '82', '82其他服务业', '01281', 2, now()),
('01317', '83', '83教育', '01316', 2, now()),
('01340', '84', '84卫生', '01339', 2, now()),
('01358', '85', '85社会工作', '01339', 2, now()),
('01370', '86', '86新闻和出版业', '01369', 2, now()),
('01379', '87', '87广播、电视、电影和影视录音制作业', '01369', 2, now()),
('01386', '88', '88文化艺术业', '01369', 2, now()),
('01397', '89', '89体育', '01369', 2, now()),
('01402', '90', '90娱乐业', '01369', 2, now()),
('01416', '91', '91中国共产党机关', '01415', 2, now()),
('01418', '92', '92国家机构', '01415', 2, now()),
('01431', '93', '93人民政协、民主党派', '01415', 2, now()),
('01434', '94', '94社会保障', '01415', 2, now()),
('01436', '95', '95群众团体、社会团体和其他成员组织', '01415', 2, now()),
('01448', '96', '96基层群众自治组织及其它组织', '01415', 2, now()),
('01452', '97', '97国际组织', '01451', 2, now()),
('00003', 'A0101', '谷物种植', '00002', 3, now()),
('00004', 'A0102', '稻谷种植', '00002', 3, now()),
('00005', 'A0103', '小麦种植', '00002', 3, now()),
('00006', 'A0104', '玉米种植', '00002', 3, now()),
('00007', 'A0105', '其他谷物种植', '00002', 3, now()),
('00008', 'A0106', '豆类、油料和薯类种植', '00002', 3, now()),
('00009', 'A0107', '豆类种植', '00002', 3, now()),
('00010', 'A0108', '油料种植', '00002', 3, now()),
('00011', 'A0109', '薯类种植', '00002', 3, now()),
('00012', 'A0110', '棉、麻、糖、烟草种植', '00002', 3, now()),
('00013', 'A0111', '棉花种植', '00002', 3, now()),
('00014', 'A0112', '麻类种植', '00002', 3, now()),
('00015', 'A0113', '糖料种植', '00002', 3, now()),
('00016', 'A0114', '烟草种植', '00002', 3, now()),
('00017', 'A0115', '蔬菜、食用菌及园艺作物种植', '00002', 3, now()),
('00018', 'A0116', '蔬菜种植', '00002', 3, now()),
('00019', 'A0117', '食用菌种植', '00002', 3, now()),
('00020', 'A0118', '花卉种植', '00002', 3, now()),
('00021', 'A0119', '其他园艺作物种植', '00002', 3, now()),
('00022', 'A0120', '水果种植', '00002', 3, now()),
('00023', 'A0121', '仁果类和核果类水果种植', '00002', 3, now()),
('00024', 'A0122', '葡萄种植', '00002', 3, now()),
('00025', 'A0123', '柑橘类种植', '00002', 3, now()),
('00026', 'A0124', '香蕉等亚热带水果种植', '00002', 3, now()),
('00027', 'A0125', '其他水果种植', '00002', 3, now()),
('00028', 'A0126', '坚果、含油果、香料和饮料作物种植', '00002', 3, now()),
('00029', 'A0127', '坚果种植', '00002', 3, now()),
('00030', 'A0128', '含油果种植', '00002', 3, now()),
('00031', 'A0129', '香料作物种植', '00002', 3, now()),
('00032', 'A0130', '茶及其他饮料作物种植', '00002', 3, now()),
('00033', 'A0131', '中药材种植', '00002', 3, now()),
('00034', 'A0132', '其他农业', '00002', 3, now()),
('00036', 'A0201', '林木育种和育苗', '00035', 3, now()),
('00037', 'A0202', '林木育种', '00035', 3, now()),
('00038', 'A0203', '林木育苗', '00035', 3, now()),
('00039', 'A0204', '造林和更新', '00035', 3, now()),
('00040', 'A0205', '森林经营和管护', '00035', 3, now()),
('00041', 'A0206', '木材和竹材采运', '00035', 3, now()),
('00042', 'A0207', '木材采运', '00035', 3, now()),
('00043', 'A0208', '竹材采运', '00035', 3, now()),
('00044', 'A0209', '林产品采集', '00035', 3, now()),
('00045', 'A0210', '木竹材林产品采集', '00035', 3, now()),
('00046', 'A0211', '非木竹材林产品采集', '00035', 3, now()),
('00048', 'A0301', '牲畜饲养', '00047', 3, now()),
('00049', 'A0302', '牛的饲养', '00047', 3, now()),
('00050', 'A0303', '马的饲养', '00047', 3, now()),
('00051', 'A0304', '猪的饲养', '00047', 3, now()),
('00052', 'A0305', '羊的饲养', '00047', 3, now()),
('00053', 'A0306', '骆驼饲养', '00047', 3, now()),
('00054', 'A0307', '其他牲畜饲养', '00047', 3, now()),
('00055', 'A0308', '家禽饲养', '00047', 3, now()),
('00056', 'A0309', '鸡的饲养', '00047', 3, now()),
('00057', 'A0310', '鸭的饲养', '00047', 3, now()),
('00058', 'A0311', '鹅的饲养', '00047', 3, now()),
('00059', 'A0312', '其他家禽饲养', '00047', 3, now()),
('00060', 'A0313', '狩猎和捕捉动物', '00047', 3, now()),
('00061', 'A0314', '其他畜牧业', '00047', 3, now()),
('00063', 'A0401', '水产养殖', '00062', 3, now()),
('00064', 'A0402', '海水养殖', '00062', 3, now()),
('00065', 'A0403', '内陆养殖', '00062', 3, now()),
('00066', 'A0404', '水产捕捞', '00062', 3, now()),
('00067', 'A0405', '海水捕捞', '00062', 3, now()),
('00068', 'A0406', '内陆捕捞', '00062', 3, now()),
('00070', 'A0501', '农业服务业', '00069', 3, now()),
('00071', 'A0502', '农业机械服务', '00069', 3, now()),
('00072', 'A0503', '灌溉服务', '00069', 3, now()),
('00073', 'A0504', '农产品初加工服务', '00069', 3, now()),
('00074', 'A0505', '其他农业服务', '00069', 3, now()),
('00075', 'A0506', '林业服务业', '00069', 3, now()),
('00076', 'A0507', '林业有害生物防治服务', '00069', 3, now()),
('00077', 'A0508', '森林防火服务', '00069', 3, now()),
('00078', 'A0509', '林产品初级加工服务', '00069', 3, now()),
('00079', 'A0510', '其他林业服务', '00069', 3, now()),
('00080', 'A0511', '畜牧服务业', '00069', 3, now()),
('00081', 'A0512', '渔业服务业', '00069', 3, now()),
('00084', 'B0601', '烟煤和无烟煤开采洗选', '00083', 3, now()),
('00085', 'B0602', '褐煤开采洗选', '00083', 3, now()),
('00086', 'B0603', '其他煤炭采选', '00083', 3, now()),
('00088', 'B0701', '石油开采', '00087', 3, now()),
('00089', 'B0702', '天然气开采', '00087', 3, now()),
('00091', 'B0801', '铁矿采选', '00090', 3, now()),
('00092', 'B0802', '锰矿、铬矿采选', '00090', 3, now()),
('00093', 'B0803', '其他黑色金属矿采选', '00090', 3, now()),
('00095', 'B0901', '常用有色金属矿采选', '00094', 3, now()),
('00096', 'B0902', '铜矿采选', '00094', 3, now()),
('00097', 'B0903', '铅锌矿采选', '00094', 3, now()),
('00098', 'B0904', '镍钴矿采选', '00094', 3, now()),
('00099', 'B0905', '锡矿采选', '00094', 3, now()),
('00100', 'B0906', '锑矿采选', '00094', 3, now()),
('00101', 'B0907', '铝矿采选', '00094', 3, now()),
('00102', 'B0908', '镁矿采选', '00094', 3, now()),
('00103', 'B0909', '其他常用有色金属矿采选', '00094', 3, now()),
('00104', 'B0910', '贵金属矿采选', '00094', 3, now()),
('00105', 'B0911', '金矿采选', '00094', 3, now()),
('00106', 'B0912', '银矿采选', '00094', 3, now()),
('00107', 'B0913', '其他贵金属矿采选', '00094', 3, now()),
('00108', 'B0914', '稀有稀土金属矿采选', '00094', 3, now()),
('00109', 'B0915', '钨钼矿采选', '00094', 3, now()),
('00110', 'B0916', '稀土金属矿采选', '00094', 3, now()),
('00111', 'B0917', '放射性金属矿采选', '00094', 3, now()),
('00112', 'B0918', '其他稀有金属矿采选', '00094', 3, now()),
('00114', 'B1001', '土砂石开采', '00113', 3, now()),
('00115', 'B1002', '石灰石、石膏开采', '00113', 3, now()),
('00116', 'B1003', '建筑装饰用石开采', '00113', 3, now()),
('00117', 'B1004', '耐火土石开采', '00113', 3, now()),
('00118', 'B1005', '粘土及其他土砂石开采', '00113', 3, now()),
('00119', 'B1006', '化学矿开采', '00113', 3, now()),
('00120', 'B1007', '采盐', '00113', 3, now()),
('00121', 'B1008', '石棉及其他非金属矿采选', '00113', 3, now()),
('00122', 'B1009', '石棉、云母矿采选', '00113', 3, now()),
('00123', 'B1010', '石墨、滑石采选', '00113', 3, now()),
('00124', 'B1011', '宝石、玉石采选', '00113', 3, now()),
('00125', 'B1012', '其他未列明非金属矿采选', '00113', 3, now()),
('00127', 'B1101', '煤炭开采和洗选辅助活动', '00126', 3, now()),
('00128', 'B1102', '石油和天然气开采辅助活动', '00126', 3, now()),
('00129', 'B1103', '其他开采辅助活动', '00126', 3, now()),
('00131', 'B1201', '其他采矿业', '00130', 3, now()),
('00134', 'C1301', '谷物磨制', '00133', 3, now()),
('00135', 'C1302', '饲料加工', '00133', 3, now()),
('00136', 'C1303', '植物油加工', '00133', 3, now()),
('00137', 'C1304', '食用植物油加工', '00133', 3, now()),
('00138', 'C1305', '非食用植物油加工', '00133', 3, now()),
('00139', 'C1306', '制糖业', '00133', 3, now()),
('00140', 'C1307', '屠宰及肉类加工', '00133', 3, now()),
('00141', 'C1308', '牲畜屠宰', '00133', 3, now()),
('00142', 'C1309', '禽类屠宰', '00133', 3, now()),
('00143', 'C1310', '肉制品及副产品加工', '00133', 3, now()),
('00144', 'C1311', '水产品加工', '00133', 3, now()),
('00145', 'C1312', '水产品冷冻加工', '00133', 3, now()),
('00146', 'C1313', '鱼糜制品及水产品干腌制加工', '00133', 3, now()),
('00147', 'C1314', '水产饲料制造', '00133', 3, now()),
('00148', 'C1315', '鱼油提取及制品制造', '00133', 3, now()),
('00149', 'C1316', '其他水产品加工', '00133', 3, now()),
('00150', 'C1317', '蔬菜、水果和坚果加工', '00133', 3, now()),
('00151', 'C1318', '蔬菜加工', '00133', 3, now()),
('00152', 'C1319', '水果和坚果加工', '00133', 3, now()),
('00153', 'C1320', '其他农副食品加工', '00133', 3, now()),
('00154', 'C1321', '淀粉及淀粉制品制造', '00133', 3, now()),
('00155', 'C1322', '豆制品制造', '00133', 3, now()),
('00156', 'C1323', '蛋品加工', '00133', 3, now()),
('00157', 'C1324', '其他未列明农副食品加工', '00133', 3, now()),
('00159', 'C1401', '焙烤食品制造', '00158', 3, now()),
('00160', 'C1402', '糕点、面包制造', '00158', 3, now()),
('00161', 'C1403', '饼干及其他焙烤食品制造', '00158', 3, now()),
('00162', 'C1404', '糖果、巧克力及蜜饯制造', '00158', 3, now()),
('00163', 'C1405', '糖果、巧克力制造', '00158', 3, now()),
('00164', 'C1406', '蜜饯制作', '00158', 3, now()),
('00165', 'C1407', '方便食品制造', '00158', 3, now()),
('00166', 'C1408', '米、面制品制造', '00158', 3, now()),
('00167', 'C1409', '速冻食品制造', '00158', 3, now()),
('00168', 'C1410', '方便面及其他方便食品制造', '00158', 3, now()),
('00169', 'C1411', '乳制品制造', '00158', 3, now()),
('00170', 'C1412', '罐头食品制造', '00158', 3, now()),
('00171', 'C1413', '肉、禽类罐头制造', '00158', 3, now()),
('00172', 'C1414', '水产品罐头制造', '00158', 3, now()),
('00173', 'C1415', '蔬菜、水果罐头制造', '00158', 3, now()),
('00174', 'C1416', '其他罐头食品制造', '00158', 3, now()),
('00175', 'C1417', '调味品、发酵制品制造', '00158', 3, now()),
('00176', 'C1418', '味精制造', '00158', 3, now()),
('00177', 'C1419', '酱油、食醋及类似制品制造', '00158', 3, now()),
('00178', 'C1420', '其他调味品、发酵制品制造', '00158', 3, now()),
('00179', 'C1421', '其他食品制造', '00158', 3, now()),
('00180', 'C1422', '营养食品制造', '00158', 3, now()),
('00181', 'C1423', '保健食品制造', '00158', 3, now()),
('00182', 'C1424', '冷冻饮品及食用冰制造', '00158', 3, now()),
('00183', 'C1425', '盐加工', '00158', 3, now()),
('00184', 'C1426', '食品及饲料添加剂制造', '00158', 3, now()),
('00185', 'C1427', '其他未列明食品制造', '00158', 3, now()),
('00187', 'C1501', '酒的制造', '00186', 3, now()),
('00188', 'C1502', '酒精制造', '00186', 3, now()),
('00189', 'C1503', '白酒制造', '00186', 3, now()),
('00190', 'C1504', '啤酒制造', '00186', 3, now()),
('00191', 'C1505', '黄酒制造', '00186', 3, now()),
('00192', 'C1506', '葡萄酒制造', '00186', 3, now()),
('00193', 'C1507', '其他酒制造', '00186', 3, now()),
('00194', 'C1508', '饮料制造', '00186', 3, now()),
('00195', 'C1509', '碳酸饮料制造', '00186', 3, now()),
('00196', 'C1510', '瓶（罐）装饮用水制造', '00186', 3, now()),
('00197', 'C1511', '果菜汁及果菜汁饮料制造', '00186', 3, now()),
('00198', 'C1512', '含乳饮料和植物蛋白饮料制造', '00186', 3, now()),
('00199', 'C1513', '固体饮料制造', '00186', 3, now()),
('00200', 'C1514', '茶饮料及其他饮料制造', '00186', 3, now()),
('00201', 'C1515', '精制茶加工', '00186', 3, now()),
('00203', 'C1601', '烟叶复烤', '00202', 3, now()),
('00204', 'C1602', '卷烟制造', '00202', 3, now()),
('00205', 'C1603', '其他烟草制品制造', '00202', 3, now()),
('00207', 'C1701', '棉纺织及印染精加工', '00206', 3, now()),
('00208', 'C1702', '棉纺纱加工', '00206', 3, now()),
('00209', 'C1703', '棉织造加工', '00206', 3, now()),
('00210', 'C1704', '棉印染精加工', '00206', 3, now()),
('00211', 'C1705', '毛纺织及染整精加工', '00206', 3, now()),
('00212', 'C1706', '毛条和毛纱线加工', '00206', 3, now()),
('00213', 'C1707', '毛织造加工', '00206', 3, now()),
('00214', 'C1708', '毛染整精加工', '00206', 3, now()),
('00215', 'C1709', '麻纺织及染整精加工', '00206', 3, now()),
('00216', 'C1710', '麻纤维纺前加工和纺纱', '00206', 3, now()),
('00217', 'C1711', '麻织造加工', '00206', 3, now()),
('00218', 'C1712', '麻染整精加工', '00206', 3, now()),
('00219', 'C1713', '丝绢纺织及印染精加工', '00206', 3, now()),
('00220', 'C1714', '缫丝加工', '00206', 3, now()),
('00221', 'C1715', '绢纺和丝织加工', '00206', 3, now()),
('00222', 'C1716', '丝印染精加工', '00206', 3, now()),
('00223', 'C1717', '化纤织造及印染精加工', '00206', 3, now()),
('00224', 'C1718', '化纤织造加工', '00206', 3, now()),
('00225', 'C1719', '化纤织物染整精加工', '00206', 3, now()),
('00226', 'C1720', '针织或钩针编织物及其制品制造', '00206', 3, now()),
('00227', 'C1721', '针织或钩针编织物织造', '00206', 3, now()),
('00228', 'C1722', '针织或钩针编织物印染精加工', '00206', 3, now()),
('00229', 'C1723', '针织或钩针编织品制造', '00206', 3, now()),
('00230', 'C1724', '家用纺织制成品制造', '00206', 3, now()),
('00231', 'C1725', '床上用品制造', '00206', 3, now()),
('00232', 'C1726', '毛巾类制品制造', '00206', 3, now()),
('00233', 'C1727', '窗帘、布艺类产品制造', '00206', 3, now()),
('00234', 'C1728', '其他家用纺织制成品制造', '00206', 3, now()),
('00235', 'C1729', '非家用纺织制成品制造', '00206', 3, now()),
('00236', 'C1730', '非织造布制造', '00206', 3, now()),
('00237', 'C1731', '绳、索、缆制造', '00206', 3, now()),
('00238', 'C1732', '纺织带和帘子布制造', '00206', 3, now()),
('00239', 'C1733', '篷、帆布制造', '00206', 3, now()),
('00240', 'C1734', '其他非家用纺织制成品制造', '00206', 3, now()),
('00242', 'C1801', '机织服装制造', '00241', 3, now()),
('00243', 'C1802', '针织或钩针编织服装制造', '00241', 3, now()),
('00244', 'C1803', '服饰制造', '00241', 3, now()),
('00246', 'C1901', '皮革鞣制加工', '00245', 3, now()),
('00247', 'C1902', '皮革制品制造', '00245', 3, now()),
('00248', 'C1903', '皮革服装制造', '00245', 3, now()),
('00249', 'C1904', '皮箱、包（袋）制造', '00245', 3, now()),
('00250', 'C1905', '皮手套及皮装饰制品制造', '00245', 3, now()),
('00251', 'C1906', '其他皮革制品制造', '00245', 3, now()),
('00252', 'C1907', '毛皮鞣制及制品加工', '00245', 3, now()),
('00253', 'C1908', '毛皮鞣制加工', '00245', 3, now()),
('00254', 'C1909', '毛皮服装加工', '00245', 3, now()),
('00255', 'C1910', '其他毛皮制品加工', '00245', 3, now()),
('00256', 'C1911', '羽毛(绒)加工及制品制造', '00245', 3, now()),
('00257', 'C1912', '羽毛（绒）加工', '00245', 3, now()),
('00258', 'C1913', '羽毛（绒）制品加工', '00245', 3, now()),
('00259', 'C1914', '制鞋业', '00245', 3, now()),
('00260', 'C1915', '纺织面料鞋制造', '00245', 3, now()),
('00261', 'C1916', '皮鞋制造', '00245', 3, now()),
('00262', 'C1917', '塑料鞋制造', '00245', 3, now()),
('00263', 'C1918', '橡胶鞋制造', '00245', 3, now()),
('00264', 'C1919', '其他制鞋业', '00245', 3, now()),
('00266', 'C2001', '木材加工', '00265', 3, now()),
('00267', 'C2002', '锯材加工', '00265', 3, now()),
('00268', 'C2003', '木片加工', '00265', 3, now()),
('00269', 'C2004', '单板加工', '00265', 3, now()),
('00270', 'C2005', '其他木材加工', '00265', 3, now()),
('00271', 'C2006', '人造板制造', '00265', 3, now()),
('00272', 'C2007', '胶合板制造', '00265', 3, now()),
('00273', 'C2008', '纤维板制造', '00265', 3, now()),
('00274', 'C2009', '刨花板制造', '00265', 3, now()),
('00275', 'C2010', '其他人造板制造', '00265', 3, now()),
('00276', 'C2011', '木制品制造', '00265', 3, now()),
('00277', 'C2012', '建筑用木料及木材组件加工', '00265', 3, now()),
('00278', 'C2013', '木门窗、楼梯制造', '00265', 3, now()),
('00279', 'C2014', '地板制造', '00265', 3, now()),
('00280', 'C2015', '木制容器制造', '00265', 3, now()),
('00281', 'C2016', '软木制品及其他木制品制造', '00265', 3, now()),
('00282', 'C2017', '竹、藤、棕、草等制品制造', '00265', 3, now()),
('00283', 'C2018', '竹制品制造', '00265', 3, now()),
('00284', 'C2019', '藤制品制造', '00265', 3, now()),
('00285', 'C2020', '棕制品制造', '00265', 3, now()),
('00286', 'C2021', '草及其他制品制造', '00265', 3, now()),
('00288', 'C2101', '木质家具制造', '00287', 3, now()),
('00289', 'C2102', '竹、藤家具制造', '00287', 3, now()),
('00290', 'C2103', '金属家具制造', '00287', 3, now()),
('00291', 'C2104', '塑料家具制造', '00287', 3, now()),
('00292', 'C2105', '其他家具制造', '00287', 3, now()),
('00294', 'C2201', '纸浆制造', '00293', 3, now()),
('00295', 'C2202', '木竹浆制造', '00293', 3, now()),
('00296', 'C2203', '非木竹浆制造', '00293', 3, now()),
('00297', 'C2204', '造纸', '00293', 3, now()),
('00298', 'C2205', '机制纸及纸板制造', '00293', 3, now()),
('00299', 'C2206', '手工纸制造', '00293', 3, now()),
('00300', 'C2207', '加工纸制造', '00293', 3, now()),
('00301', 'C2208', '纸制品制造', '00293', 3, now()),
('00302', 'C2209', '纸和纸板容器制造', '00293', 3, now()),
('00303', 'C2210', '其他纸制品制造', '00293', 3, now()),
('00305', 'C2301', '印刷', '00304', 3, now()),
('00306', 'C2302', '书、报刊印刷', '00304', 3, now()),
('00307', 'C2303', '本册印制', '00304', 3, now()),
('00308', 'C2304', '包装装潢及其他印刷', '00304', 3, now()),
('00309', 'C2305', '装订及印刷相关服务', '00304', 3, now()),
('00310', 'C2306', '记录媒介复制', '00304', 3, now()),
('00312', 'C2401', '文教办公用品制造', '00311', 3, now()),
('00313', 'C2402', '文具制造', '00311', 3, now()),
('00314', 'C2403', '笔的制造', '00311', 3, now()),
('00315', 'C2404', '教学用模型及教具制造', '00311', 3, now()),
('00316', 'C2405', '墨水、墨汁制造', '00311', 3, now()),
('00317', 'C2406', '其他文教办公用品制造', '00311', 3, now()),
('00318', 'C2407', '乐器制造', '00311', 3, now()),
('00319', 'C2408', '中乐器制造', '00311', 3, now()),
('00320', 'C2409', '西乐器制造', '00311', 3, now()),
('00321', 'C2410', '电子乐器制造', '00311', 3, now()),
('00322', 'C2411', '其他乐器及零件制造', '00311', 3, now()),
('00323', 'C2412', '工艺美术品制造', '00311', 3, now()),
('00324', 'C2413', '雕塑工艺品制造', '00311', 3, now()),
('00325', 'C2414', '金属工艺品制造', '00311', 3, now()),
('00326', 'C2415', '漆器工艺品制造', '00311', 3, now()),
('00327', 'C2416', '花画工艺品制造', '00311', 3, now()),
('00328', 'C2417', '天然植物纤维编织工艺品制造', '00311', 3, now()),
('00329', 'C2418', '抽纱刺绣工艺品制造', '00311', 3, now()),
('00330', 'C2419', '地毯、挂毯制造', '00311', 3, now()),
('00331', 'C2420', '珠宝首饰及有关物品制造', '00311', 3, now()),
('00332', 'C2421', '其他工艺美术品制造', '00311', 3, now()),
('00333', 'C2422', '体育用品制造', '00311', 3, now()),
('00334', 'C2423', '球类制造', '00311', 3, now()),
('00335', 'C2424', '体育器材及配件制造', '00311', 3, now()),
('00336', 'C2425', '训练健身器材制造', '00311', 3, now()),
('00337', 'C2426', '运动防护用具制造', '00311', 3, now()),
('00338', 'C2427', '其他体育用品制造', '00311', 3, now()),
('00339', 'C2428', '玩具制造', '00311', 3, now()),
('00340', 'C2429', '游艺器材及娱乐用品制造', '00311', 3, now()),
('00341', 'C2430', '露天游乐场所游乐设备制造', '00311', 3, now()),
('00342', 'C2431', '游艺用品及室内游艺器材制造', '00311', 3, now()),
('00343', 'C2432', '其他娱乐用品制造', '00311', 3, now()),
('00345', 'C2501', '精炼石油产品制造', '00344', 3, now()),
('00346', 'C2502', '原油加工及石油制品制造', '00344', 3, now()),
('00347', 'C2503', '人造原油制造', '00344', 3, now()),
('00348', 'C2504', '炼焦', '00344', 3, now()),
('00349', 'C2505', '核燃料加工', '00344', 3, now()),
('00351', 'C2601', '基础化学原料制造', '00350', 3, now()),
('00352', 'C2602', '无机酸制造', '00350', 3, now()),
('00353', 'C2603', '无机碱制造', '00350', 3, now()),
('00354', 'C2604', '无机盐制造', '00350', 3, now()),
('00355', 'C2605', '有机化学原料制造', '00350', 3, now()),
('00356', 'C2606', '其他基础化学原料制造', '00350', 3, now()),
('00357', 'C2607', '肥料制造', '00350', 3, now()),
('00358', 'C2608', '氮肥制造', '00350', 3, now()),
('00359', 'C2609', '磷肥制造', '00350', 3, now()),
('00360', 'C2610', '钾肥制造', '00350', 3, now()),
('00361', 'C2611', '复混肥料制造', '00350', 3, now()),
('00362', 'C2612', '有机肥料及微生物肥料制造', '00350', 3, now()),
('00363', 'C2613', '其他肥料制造', '00350', 3, now()),
('00364', 'C2614', '农药制造', '00350', 3, now()),
('00365', 'C2615', '化学农药制造', '00350', 3, now()),
('00366', 'C2616', '生物化学农药及微生物农药制造', '00350', 3, now()),
('00367', 'C2617', '涂料、油墨、颜料及类似产品制造', '00350', 3, now()),
('00368', 'C2618', '涂料制造', '00350', 3, now()),
('00369', 'C2619', '油墨及类似产品制造', '00350', 3, now()),
('00370', 'C2620', '颜料制造', '00350', 3, now()),
('00371', 'C2621', '染料制造', '00350', 3, now()),
('00372', 'C2622', '密封用填料及类似品制造', '00350', 3, now()),
('00373', 'C2623', '合成材料制造', '00350', 3, now()),
('00374', 'C2624', '初级形态塑料及合成树脂制造', '00350', 3, now()),
('00375', 'C2625', '合成橡胶制造', '00350', 3, now()),
('00376', 'C2626', '合成纤维单（聚合）体制造', '00350', 3, now()),
('00377', 'C2627', '其他合成材料制造', '00350', 3, now()),
('00378', 'C2628', '专用化学产品制造', '00350', 3, now()),
('00379', 'C2629', '化学试剂和助剂制造', '00350', 3, now()),
('00380', 'C2630', '专项化学用品制造', '00350', 3, now()),
('00381', 'C2631', '林产化学产品制造', '00350', 3, now()),
('00382', 'C2632', '信息化学品制造', '00350', 3, now()),
('00383', 'C2633', '环境污染处理专用药剂材料制造', '00350', 3, now()),
('00384', 'C2634', '动物胶制造', '00350', 3, now()),
('00385', 'C2635', '其他专用化学产品制造', '00350', 3, now()),
('00386', 'C2636', '炸药、火工及焰火产品制造', '00350', 3, now()),
('00387', 'C2637', '炸药及火工产品制造', '00350', 3, now()),
('00388', 'C2638', '焰火、鞭炮产品制造', '00350', 3, now()),
('00389', 'C2639', '日用化学产品制造', '00350', 3, now()),
('00390', 'C2640', '肥皂及合成洗涤剂制造', '00350', 3, now()),
('00391', 'C2641', '化妆品制造', '00350', 3, now()),
('00392', 'C2642', '口腔清洁用品制造', '00350', 3, now()),
('00393', 'C2643', '香料、香精制造', '00350', 3, now()),
('00394', 'C2644', '其他日用化学产品制造', '00350', 3, now()),
('00396', 'C2701', '化学药品原料药制造', '00395', 3, now()),
('00397', 'C2702', '化学药品制剂制造', '00395', 3, now()),
('00398', 'C2703', '中药饮片加工', '00395', 3, now()),
('00399', 'C2704', '中成药生产', '00395', 3, now()),
('00400', 'C2705', '兽用药品制造', '00395', 3, now()),
('00401', 'C2706', '生物药品制造', '00395', 3, now()),
('00402', 'C2707', '卫生材料及医药用品制造', '00395', 3, now()),
('00404', 'C2801', '纤维素纤维原料及纤维制造', '00403', 3, now()),
('00405', 'C2802', '化纤浆粕制造', '00403', 3, now()),
('00406', 'C2803', '人造纤维（纤维素纤维）制造', '00403', 3, now()),
('00407', 'C2804', '合成纤维制造', '00403', 3, now()),
('00408', 'C2805', '锦纶纤维制造', '00403', 3, now()),
('00409', 'C2806', '涤纶纤维制造', '00403', 3, now()),
('00410', 'C2807', '腈纶纤维制造', '00403', 3, now()),
('00411', 'C2808', '维纶纤维制造', '00403', 3, now()),
('00412', 'C2809', '丙纶纤维制造', '00403', 3, now()),
('00413', 'C2810', '氨纶纤维制造', '00403', 3, now()),
('00414', 'C2811', '其他合成纤维制造', '00403', 3, now()),
('00416', 'C2901', '橡胶制品业', '00415', 3, now()),
('00417', 'C2902', '轮胎制造', '00415', 3, now()),
('00418', 'C2903', '橡胶板、管、带制造', '00415', 3, now()),
('00419', 'C2904', '橡胶零件制造', '00415', 3, now()),
('00420', 'C2905', '再生橡胶制造', '00415', 3, now()),
('00421', 'C2906', '日用及医用橡胶制品制造', '00415', 3, now()),
('00422', 'C2907', '其他橡胶制品制造', '00415', 3, now()),
('00423', 'C2908', '塑料制品业', '00415', 3, now()),
('00424', 'C2909', '塑料薄膜制造', '00415', 3, now()),
('00425', 'C2910', '塑料板、管、型材制造', '00415', 3, now()),
('00426', 'C2911', '塑料丝、绳及编织品制造', '00415', 3, now()),
('00427', 'C2912', '泡沫塑料制造', '00415', 3, now()),
('00428', 'C2913', '塑料人造革、合成革制造', '00415', 3, now()),
('00429', 'C2914', '塑料包装箱及容器制造', '00415', 3, now()),
('00430', 'C2915', '日用塑料制品制造', '00415', 3, now()),
('00431', 'C2916', '塑料零件制造', '00415', 3, now()),
('00432', 'C2917', '其他塑料制品制造', '00415', 3, now()),
('00434', 'C3001', '水泥、石灰和石膏制造', '00433', 3, now()),
('00435', 'C3002', '水泥制造', '00433', 3, now()),
('00436', 'C3003', '石灰和石膏制造', '00433', 3, now()),
('00437', 'C3004', '石膏、水泥制品及类似制品制造', '00433', 3, now()),
('00438', 'C3005', '水泥制品制造', '00433', 3, now()),
('00439', 'C3006', '砼结构构件制造', '00433', 3, now()),
('00440', 'C3007', '石棉水泥制品制造', '00433', 3, now()),
('00441', 'C3008', '轻质建筑材料制造', '00433', 3, now()),
('00442', 'C3009', '其他水泥类似制品制造', '00433', 3, now()),
('00443', 'C3010', '砖瓦、石材等建筑材料制造', '00433', 3, now()),
('00444', 'C3011', '粘土砖瓦及建筑砌块制造', '00433', 3, now()),
('00445', 'C3012', '建筑陶瓷制品制造', '00433', 3, now()),
('00446', 'C3013', '建筑用石加工', '00433', 3, now()),
('00447', 'C3014', '防水建筑材料制造', '00433', 3, now()),
('00448', 'C3015', '隔热和隔音材料制造', '00433', 3, now()),
('00449', 'C3016', '其他建筑材料制造', '00433', 3, now()),
('00450', 'C3017', '玻璃制造', '00433', 3, now()),
('00451', 'C3018', '平板玻璃制造', '00433', 3, now()),
('00452', 'C3019', '其他玻璃制造', '00433', 3, now()),
('00453', 'C3020', '玻璃制品制造', '00433', 3, now()),
('00454', 'C3021', '技术玻璃制品制造', '00433', 3, now()),
('00455', 'C3022', '光学玻璃制造', '00433', 3, now()),
('00456', 'C3023', '玻璃仪器制造', '00433', 3, now()),
('00457', 'C3024', '日用玻璃制品制造', '00433', 3, now()),
('00458', 'C3025', '玻璃包装容器制造', '00433', 3, now()),
('00459', 'C3026', '玻璃保温容器制造', '00433', 3, now()),
('00460', 'C3027', '制镜及类似品加工', '00433', 3, now()),
('00461', 'C3028', '其他玻璃制品制造', '00433', 3, now()),
('00462', 'C3029', '玻璃纤维和玻璃纤维增强塑料制品制造', '00433', 3, now()),
('00463', 'C3030', '玻璃纤维及制品制造', '00433', 3, now()),
('00464', 'C3031', '玻璃纤维增强塑料制品制造', '00433', 3, now()),
('00465', 'C3032', '陶瓷制品制造', '00433', 3, now()),
('00466', 'C3033', '卫生陶瓷制品制造', '00433', 3, now()),
('00467', 'C3034', '特种陶瓷制品制造', '00433', 3, now()),
('00468', 'C3035', '日用陶瓷制品制造', '00433', 3, now()),
('00469', 'C3036', '园林、陈设艺术及其他陶瓷制品制造', '00433', 3, now()),
('00470', 'C3037', '耐火材料制品制造', '00433', 3, now()),
('00471', 'C3038', '石棉制品制造', '00433', 3, now()),
('00472', 'C3039', '云母制品制造', '00433', 3, now()),
('00473', 'C3040', '耐火陶瓷制品及其他耐火材料制造', '00433', 3, now()),
('00474', 'C3041', '石墨及其他非金属矿物制品制造', '00433', 3, now()),
('00475', 'C3042', '石墨及碳素制品制造', '00433', 3, now()),
('00476', 'C3043', '其他非金属矿物制品制造', '00433', 3, now()),
('00478', 'C3101', '炼铁', '00477', 3, now()),
('00479', 'C3102', '炼钢', '00477', 3, now()),
('00480', 'C3103', '黑色金属铸造', '00477', 3, now()),
('00481', 'C3104', '钢压延加工', '00477', 3, now()),
('00482', 'C3105', '铁合金冶炼', '00477', 3, now()),
('00484', 'C3201', '常用有色金属冶炼', '00483', 3, now()),
('00485', 'C3202', '铜冶炼', '00483', 3, now()),
('00486', 'C3203', '铅锌冶炼', '00483', 3, now()),
('00487', 'C3204', '镍钴冶炼', '00483', 3, now()),
('00488', 'C3205', '锡冶炼', '00483', 3, now()),
('00489', 'C3206', '锑冶炼', '00483', 3, now()),
('00490', 'C3207', '铝冶炼', '00483', 3, now()),
('00491', 'C3208', '镁冶炼', '00483', 3, now()),
('00492', 'C3209', '其他常用有色金属冶炼', '00483', 3, now()),
('00493', 'C3210', '贵金属冶炼', '00483', 3, now()),
('00494', 'C3211', '金冶炼', '00483', 3, now()),
('00495', 'C3212', '银冶炼', '00483', 3, now()),
('00496', 'C3213', '其他贵金属冶炼', '00483', 3, now()),
('00497', 'C3214', '稀有稀土金属冶炼', '00483', 3, now()),
('00498', 'C3215', '钨钼冶炼', '00483', 3, now()),
('00499', 'C3216', '稀土金属冶炼', '00483', 3, now()),
('00500', 'C3217', '其他稀有金属冶炼', '00483', 3, now()),
('00501', 'C3218', '有色金属合金制造', '00483', 3, now()),
('00502', 'C3219', '有色金属铸造', '00483', 3, now()),
('00503', 'C3220', '有色金属压延加工', '00483', 3, now()),
('00504', 'C3221', '铜压延加工', '00483', 3, now()),
('00505', 'C3222', '铝压延加工', '00483', 3, now()),
('00506', 'C3223', '贵金属压延加工', '00483', 3, now()),
('00507', 'C3224', '稀有稀土金属压延加工', '00483', 3, now()),
('00508', 'C3225', '其他有色金属压延加工', '00483', 3, now()),
('00510', 'C3301', '结构性金属制品制造', '00509', 3, now()),
('00511', 'C3302', '金属结构制造', '00509', 3, now()),
('00512', 'C3303', '金属门窗制造', '00509', 3, now()),
('00513', 'C3304', '金属工具制造', '00509', 3, now()),
('00514', 'C3305', '切削工具制造', '00509', 3, now()),
('00515', 'C3306', '手工具制造', '00509', 3, now()),
('00516', 'C3307', '农用及园林用金属工具制造', '00509', 3, now()),
('00517', 'C3308', '刀剪及类似日用金属工具制造', '00509', 3, now()),
('00518', 'C3309', '其他金属工具制造', '00509', 3, now()),
('00519', 'C3310', '集装箱及金属包装容器制造', '00509', 3, now()),
('00520', 'C3311', '集装箱制造', '00509', 3, now()),
('00521', 'C3312', '金属压力容器制造', '00509', 3, now()),
('00522', 'C3313', '金属包装容器制造', '00509', 3, now()),
('00523', 'C3314', '金属丝绳及其制品制造', '00509', 3, now()),
('00524', 'C3315', '建筑、安全用金属制品制造', '00509', 3, now()),
('00525', 'C3316', '建筑、家具用金属配件制造', '00509', 3, now()),
('00526', 'C3317', '建筑装饰及水暖管道零件制造', '00509', 3, now()),
('00527', 'C3318', '安全、消防用金属制品制造', '00509', 3, now()),
('00528', 'C3319', '其他建筑、安全用金属制品制造', '00509', 3, now()),
('00529', 'C3320', '金属表面处理及热处理加工', '00509', 3, now()),
('00530', 'C3321', '搪瓷制品制造', '00509', 3, now()),
('00531', 'C3322', '生产专用搪瓷制品制造', '00509', 3, now()),
('00532', 'C3323', '建筑装饰搪瓷制品制造', '00509', 3, now()),
('00533', 'C3324', '搪瓷卫生洁具制造', '00509', 3, now()),
('00534', 'C3325', '搪瓷日用品及其他搪瓷制品制造', '00509', 3, now()),
('00535', 'C3326', '金属制日用品制造', '00509', 3, now()),
('00536', 'C3327', '金属制厨房用器具制造', '00509', 3, now()),
('00537', 'C3328', '金属制餐具和器皿制造', '00509', 3, now()),
('00538', 'C3329', '金属制卫生器具制造', '00509', 3, now()),
('00539', 'C3330', '其他金属制日用品制造', '00509', 3, now()),
('00540', 'C3331', '其他金属制品制造', '00509', 3, now()),
('00541', 'C3332', '锻件及粉末冶金制品制造', '00509', 3, now()),
('00542', 'C3333', '交通及公共管理用金属标牌制造', '00509', 3, now()),
('00543', 'C3334', '其他未列明金属制品制造', '00509', 3, now()),
('00545', 'C3401', '锅炉及原动设备制造', '00544', 3, now()),
('00546', 'C3402', '锅炉及辅助设备制造', '00544', 3, now()),
('00547', 'C3403', '内燃机及配件制造', '00544', 3, now()),
('00548', 'C3404', '汽轮机及辅机制造', '00544', 3, now()),
('00549', 'C3405', '水轮机及辅机制造', '00544', 3, now()),
('00550', 'C3406', '风能原动设备制造', '00544', 3, now()),
('00551', 'C3407', '其他原动设备制造', '00544', 3, now()),
('00552', 'C3408', '金属加工机械制造', '00544', 3, now()),
('00553', 'C3409', '金属切削机床制造', '00544', 3, now()),
('00554', 'C3410', '金属成形机床制造', '00544', 3, now()),
('00555', 'C3411', '铸造机械制造', '00544', 3, now()),
('00556', 'C3412', '金属切割及焊接设备制造', '00544', 3, now()),
('00557', 'C3413', '机床附件制造', '00544', 3, now()),
('00558', 'C3414', '其他金属加工机械制造', '00544', 3, now()),
('00559', 'C3415', '物料搬运设备制造', '00544', 3, now()),
('00560', 'C3416', '轻小型起重设备制造', '00544', 3, now()),
('00561', 'C3417', '起重机制造', '00544', 3, now()),
('00562', 'C3418', '生产专用车辆制造', '00544', 3, now()),
('00563', 'C3419', '连续搬运设备制造', '00544', 3, now()),
('00564', 'C3420', '电梯、自动扶梯及升降机制造', '00544', 3, now()),
('00565', 'C3421', '其他物料搬运设备制造', '00544', 3, now()),
('00566', 'C3422', '泵、阀门、压缩机及类似机械制造', '00544', 3, now()),
('00567', 'C3423', '泵及真空设备制造', '00544', 3, now()),
('00568', 'C3424', '气体压缩机械制造', '00544', 3, now()),
('00569', 'C3425', '阀门和旋塞制造', '00544', 3, now()),
('00570', 'C3426', '液压和气压动力机械及元件制造', '00544', 3, now()),
('00571', 'C3427', '轴承、齿轮和传动部件制造', '00544', 3, now()),
('00572', 'C3428', '轴承制造', '00544', 3, now()),
('00573', 'C3429', '齿轮及齿轮减、变速箱制造', '00544', 3, now()),
('00574', 'C3430', '其他传动部件制造', '00544', 3, now()),
('00575', 'C3431', '烘炉、风机、衡器、包装等设备制造', '00544', 3, now()),
('00576', 'C3432', '烘炉、熔炉及电炉制造', '00544', 3, now()),
('00577', 'C3433', '风机、风扇制造', '00544', 3, now()),
('00578', 'C3434', '气体、液体分离及纯净设备制造', '00544', 3, now()),
('00579', 'C3435', '制冷、空调设备制造', '00544', 3, now()),
('00580', 'C3436', '风动和电动工具制造', '00544', 3, now()),
('00581', 'C3437', '喷枪及类似器具制造', '00544', 3, now()),
('00582', 'C3438', '衡器制造', '00544', 3, now()),
('00583', 'C3439', '包装专用设备制造', '00544', 3, now()),
('00584', 'C3440', '文化、办公用机械制造', '00544', 3, now()),
('00585', 'C3441', '电影机械制造', '00544', 3, now()),
('00586', 'C3442', '幻灯及投影设备制造', '00544', 3, now()),
('00587', 'C3443', '照相机及器材制造', '00544', 3, now()),
('00588', 'C3444', '复印和胶印设备制造', '00544', 3, now()),
('00589', 'C3445', '计算器及货币专用设备制造', '00544', 3, now()),
('00590', 'C3446', '其他文化、办公用机械制造', '00544', 3, now()),
('00591', 'C3447', '通用零部件制造', '00544', 3, now()),
('00592', 'C3448', '金属密封件制造', '00544', 3, now()),
('00593', 'C3449', '紧固件制造', '00544', 3, now()),
('00594', 'C3450', '弹簧制造', '00544', 3, now()),
('00595', 'C3451', '机械零部件加工', '00544', 3, now()),
('00596', 'C3452', '其他通用零部件制造', '00544', 3, now()),
('00597', 'C3453', '其他通用设备制造业', '00544', 3, now()),
('00599', 'C3501', '采矿、冶金、建筑专用设备制造', '00598', 3, now()),
('00600', 'C3502', '矿山机械制造', '00598', 3, now()),
('00601', 'C3503', '石油钻采专用设备制造', '00598', 3, now()),
('00602', 'C3504', '建筑工程用机械制造', '00598', 3, now()),
('00603', 'C3505', '海洋工程专用设备制造', '00598', 3, now()),
('00604', 'C3506', '建筑材料生产专用机械制造', '00598', 3, now()),
('00605', 'C3507', '冶金专用设备制造', '00598', 3, now()),
('00606', 'C3508', '化工、木材、非金属加工专用设备制造', '00598', 3, now()),
('00607', 'C3509', '炼油、化工生产专用设备制造', '00598', 3, now()),
('00608', 'C3510', '橡胶加工专用设备制造', '00598', 3, now()),
('00609', 'C3511', '塑料加工专用设备制造', '00598', 3, now()),
('00610', 'C3512', '木材加工机械制造', '00598', 3, now()),
('00611', 'C3513', '模具制造', '00598', 3, now()),
('00612', 'C3514', '其他非金属加工专用设备制造', '00598', 3, now()),
('00613', 'C3515', '食品、饮料、烟草及饲料生产专用设备制造　　　', '00598', 3, now()),
('00614', 'C3516', '食品、酒、饮料及茶生产专用设备制造', '00598', 3, now()),
('00615', 'C3517', '农副食品加工专用设备制造', '00598', 3, now()),
('00616', 'C3518', '烟草生产专用设备制造', '00598', 3, now()),
('00617', 'C3519', '饲料生产专用设备制造', '00598', 3, now()),
('00618', 'C3520', '印刷、制药、日化及日用品生产专用设备制造', '00598', 3, now()),
('00619', 'C3521', '制浆和造纸专用设备制造', '00598', 3, now()),
('00620', 'C3522', '印刷专用设备制造', '00598', 3, now()),
('00621', 'C3523', '日用化工专用设备制造', '00598', 3, now()),
('00622', 'C3524', '制药专用设备制造', '00598', 3, now()),
('00623', 'C3525', '照明器具生产专用设备制造', '00598', 3, now()),
('00624', 'C3526', '玻璃、陶瓷和搪瓷制品生产专用设备制造', '00598', 3, now()),
('00625', 'C3527', '其他日用品生产专用设备制造', '00598', 3, now()),
('00626', 'C3528', '纺织、服装和皮革加工专用设备制造', '00598', 3, now()),
('00627', 'C3529', '纺织专用设备制造', '00598', 3, now()),
('00628', 'C3530', '皮革、毛皮及其制品加工专用设备制造', '00598', 3, now()),
('00629', 'C3531', '缝制机械制造', '00598', 3, now()),
('00630', 'C3532', '洗涤机械制造', '00598', 3, now()),
('00631', 'C3533', '电子和电工机械专用设备制造', '00598', 3, now()),
('00632', 'C3534', '电工机械专用设备制造', '00598', 3, now()),
('00633', 'C3535', '电子工业专用设备制造', '00598', 3, now()),
('00634', 'C3536', '农、林、牧、渔专用机械制造', '00598', 3, now()),
('00635', 'C3537', '拖拉机制造', '00598', 3, now()),
('00636', 'C3538', '机械化农业及园艺机具制造', '00598', 3, now()),
('00637', 'C3539', '营林及木竹采伐机械制造', '00598', 3, now()),
('00638', 'C3540', '畜牧机械制造', '00598', 3, now()),
('00639', 'C3541', '渔业机械制造', '00598', 3, now()),
('00640', 'C3542', '农林牧渔机械配件制造', '00598', 3, now()),
('00641', 'C3543', '棉花加工机械制造', '00598', 3, now()),
('00642', 'C3544', '其他农、林、牧、渔业机械制造', '00598', 3, now()),
('00643', 'C3545', '医疗仪器设备及器械制造', '00598', 3, now()),
('00644', 'C3546', '医疗诊断、监护及治疗设备制造', '00598', 3, now()),
('00645', 'C3547', '口腔科用设备及器具制造', '00598', 3, now()),
('00646', 'C3548', '医疗实验室及医用消毒设备和器具制造', '00598', 3, now()),
('00647', 'C3549', '医疗、外科及兽医用器械制造', '00598', 3, now()),
('00648', 'C3550', '机械治疗及病房护理设备制造', '00598', 3, now()),
('00649', 'C3551', '假肢、人工器官及植（介）入器械制造', '00598', 3, now()),
('00650', 'C3552', '其他医疗设备及器械制造', '00598', 3, now()),
('00651', 'C3553', '环保、社会公共服务及其他专用设备制造', '00598', 3, now()),
('00652', 'C3554', '环境保护专用设备制造', '00598', 3, now()),
('00653', 'C3555', '地质勘查专用设备制造', '00598', 3, now()),
('00654', 'C3556', '邮政专用机械及器材制造', '00598', 3, now()),
('00655', 'C3557', '商业、饮食、服务专用设备制造', '00598', 3, now()),
('00656', 'C3558', '社会公共安全设备及器材制造', '00598', 3, now()),
('00657', 'C3559', '交通安全、管制及类似专用设备制造', '00598', 3, now()),
('00658', 'C3560', '水资源专用机械制造', '00598', 3, now()),
('00659', 'C3561', '其他专用设备制造', '00598', 3, now()),
('00661', 'C3601', '汽车整车制造', '00660', 3, now()),
('00662', 'C3602', '改装汽车制造', '00660', 3, now()),
('00663', 'C3603', '低速载货汽车制造', '00660', 3, now()),
('00664', 'C3604', '电车制造', '00660', 3, now()),
('00665', 'C3605', '汽车车身、挂车制造', '00660', 3, now()),
('00666', 'C3606', '汽车零部件及配件制造', '00660', 3, now()),
('00668', 'C3701', '铁路运输设备制造', '00667', 3, now()),
('00669', 'C3702', '铁路机车车辆及动车组制造', '00667', 3, now()),
('00670', 'C3703', '窄轨机车车辆制造', '00667', 3, now()),
('00671', 'C3704', '铁路机车车辆配件制造', '00667', 3, now()),
('00672', 'C3705', '铁路专用设备及器材、配件制造', '00667', 3, now()),
('00673', 'C3706', '其他铁路运输设备制造', '00667', 3, now()),
('00674', 'C3707', '城市轨道交通设备制造', '00667', 3, now()),
('00675', 'C3708', '船舶及相关装置制造', '00667', 3, now()),
('00676', 'C3709', '金属船舶制造', '00667', 3, now()),
('00677', 'C3710', '非金属船舶制造', '00667', 3, now()),
('00678', 'C3711', '娱乐船和运动船制造', '00667', 3, now()),
('00679', 'C3712', '船用配套设备制造', '00667', 3, now()),
('00680', 'C3713', '船舶改装与拆除', '00667', 3, now()),
('00681', 'C3714', '航标器材及其他相关装置制造', '00667', 3, now()),
('00682', 'C3715', '航空、航天器及设备制造', '00667', 3, now()),
('00683', 'C3716', '飞机制造', '00667', 3, now()),
('00684', 'C3717', '航天器制造', '00667', 3, now()),
('00685', 'C3718', '航空、航天相关设备制造', '00667', 3, now()),
('00686', 'C3719', '其他航空航天器制造', '00667', 3, now()),
('00687', 'C3720', '摩托车制造', '00667', 3, now()),
('00688', 'C3721', '摩托车整车制造', '00667', 3, now()),
('00689', 'C3722', '摩托车零部件及配件制造', '00667', 3, now()),
('00690', 'C3723', '自行车制造', '00667', 3, now()),
('00691', 'C3724', '脚踏自行车及残疾人座车制造', '00667', 3, now()),
('00692', 'C3725', '助动自行车制造', '00667', 3, now()),
('00693', 'C3726', '非公路休闲车及零配件制造', '00667', 3, now()),
('00694', 'C3727', '潜水救捞及其他未列明运输设备制造', '00667', 3, now()),
('00695', 'C3728', '潜水及水下救捞装备制造', '00667', 3, now()),
('00696', 'C3729', '其他未列明运输设备制造', '00667', 3, now()),
('00698', 'C3801', '电机制造', '00697', 3, now()),
('00699', 'C3802', '发电机及发电机组制造', '00697', 3, now()),
('00700', 'C3803', '电动机制造', '00697', 3, now()),
('00701', 'C3804', '微电机及其他电机制造', '00697', 3, now()),
('00702', 'C3805', '输配电及控制设备制造', '00697', 3, now()),
('00703', 'C3806', '变压器、整流器和电感器制造', '00697', 3, now()),
('00704', 'C3807', '电容器及其配套设备制造', '00697', 3, now()),
('00705', 'C3808', '配电开关控制设备制造', '00697', 3, now()),
('00706', 'C3809', '电力电子元器件制造', '00697', 3, now()),
('00707', 'C3810', '光伏设备及元器件制造', '00697', 3, now()),
('00708', 'C3811', '其他输配电及控制设备制造', '00697', 3, now()),
('00709', 'C3812', '电线、电缆、光缆及电工器材制造', '00697', 3, now()),
('00710', 'C3813', '电线、电缆制造', '00697', 3, now()),
('00711', 'C3814', '光纤、光缆制造', '00697', 3, now()),
('00712', 'C3815', '绝缘制品制造', '00697', 3, now()),
('00713', 'C3816', '其他电工器材制造', '00697', 3, now()),
('00714', 'C3817', '电池制造', '00697', 3, now()),
('00715', 'C3818', '锂离子电池制造', '00697', 3, now()),
('00716', 'C3819', '镍氢电池制造', '00697', 3, now()),
('00717', 'C3820', '其他电池制造', '00697', 3, now()),
('00718', 'C3821', '家用电力器具制造', '00697', 3, now()),
('00719', 'C3822', '家用制冷电器具制造', '00697', 3, now()),
('00720', 'C3823', '家用空气调节器制造', '00697', 3, now()),
('00721', 'C3824', '家用通风电器具制造', '00697', 3, now()),
('00722', 'C3825', '家用厨房电器具制造', '00697', 3, now()),
('00723', 'C3826', '家用清洁卫生电器具制造', '00697', 3, now()),
('00724', 'C3827', '家用美容、保健电器具制造', '00697', 3, now()),
('00725', 'C3828', '家用电力器具专用配件制造', '00697', 3, now()),
('00726', 'C3829', '其他家用电力器具制造', '00697', 3, now()),
('00727', 'C3830', '非电力家用器具制造', '00697', 3, now()),
('00728', 'C3831', '燃气、太阳能及类似能源家用器具制造', '00697', 3, now()),
('00729', 'C3832', '其他非电力家用器具制造', '00697', 3, now()),
('00730', 'C3833', '照明器具制造', '00697', 3, now()),
('00731', 'C3834', '电光源制造', '00697', 3, now()),
('00732', 'C3835', '照明灯具制造', '00697', 3, now()),
('00733', 'C3836', '灯用电器附件及其他照明器具制造', '00697', 3, now()),
('00734', 'C3837', '其他电气机械及器材制造', '00697', 3, now()),
('00735', 'C3838', '电气信号设备装置制造', '00697', 3, now()),
('00736', 'C3839', '其他未列明电气机械及器材制造', '00697', 3, now()),
('00738', 'C3901', '计算机制造', '00737', 3, now()),
('00739', 'C3902', '计算机整机制造', '00737', 3, now()),
('00740', 'C3903', '计算机零部件制造', '00737', 3, now()),
('00741', 'C3904', '计算机外围设备制造', '00737', 3, now()),
('00742', 'C3905', '其他计算机制造', '00737', 3, now()),
('00743', 'C3906', '通信设备制造', '00737', 3, now()),
('00744', 'C3907', '通信系统设备制造', '00737', 3, now()),
('00745', 'C3908', '通信终端设备制造', '00737', 3, now()),
('00746', 'C3909', '广播电视设备制造', '00737', 3, now()),
('00747', 'C3910', '广播电视节目制作及发射设备制造', '00737', 3, now()),
('00748', 'C3911', '广播电视接收设备及器材制造', '00737', 3, now()),
('00749', 'C3912', '应用电视设备及其他广播电视设备制造', '00737', 3, now()),
('00750', 'C3913', '雷达及配套设备制造', '00737', 3, now()),
('00751', 'C3914', '视听设备制造', '00737', 3, now()),
('00752', 'C3915', '电视机制造', '00737', 3, now()),
('00753', 'C3916', '音响设备制造', '00737', 3, now()),
('00754', 'C3917', '影视录放设备制造', '00737', 3, now()),
('00755', 'C3918', '电子器件制造', '00737', 3, now()),
('00756', 'C3919', '电子真空器件制造', '00737', 3, now()),
('00757', 'C3920', '半导体分立器件制造', '00737', 3, now()),
('00758', 'C3921', '集成电路制造', '00737', 3, now()),
('00759', 'C3922', '光电子器件及其他电子器件制造', '00737', 3, now()),
('00760', 'C3923', '电子元件制造', '00737', 3, now()),
('00761', 'C3924', '电子元件及组件制造', '00737', 3, now()),
('00762', 'C3925', '印制电路板制造', '00737', 3, now()),
('00763', 'C3926', '其他电子设备制造', '00737', 3, now()),
('00765', 'C4001', '通用仪器仪表制造', '00764', 3, now()),
('00766', 'C4002', '工业自动控制系统装置制造', '00764', 3, now()),
('00767', 'C4003', '电工仪器仪表制造', '00764', 3, now()),
('00768', 'C4004', '绘图、计算及测量仪器制造', '00764', 3, now()),
('00769', 'C4005', '实验分析仪器制造', '00764', 3, now()),
('00770', 'C4006', '试验机制造', '00764', 3, now()),
('00771', 'C4007', '供应用仪表及其他通用仪器制造', '00764', 3, now()),
('00772', 'C4008', '专用仪器仪表制造', '00764', 3, now()),
('00773', 'C4009', '环境监测专用仪器仪表制造', '00764', 3, now()),
('00774', 'C4010', '运输设备及生产用计数仪表制造', '00764', 3, now()),
('00775', 'C4011', '导航、气象及海洋专用仪器制造', '00764', 3, now()),
('00776', 'C4012', '农林牧渔专用仪器仪表制造', '00764', 3, now()),
('00777', 'C4013', '地质勘探和地震专用仪器制造', '00764', 3, now()),
('00778', 'C4014', '教学专用仪器制造', '00764', 3, now()),
('00779', 'C4015', '核子及核辐射测量仪器制造', '00764', 3, now()),
('00780', 'C4016', '电子测量仪器制造', '00764', 3, now()),
('00781', 'C4017', '其他专用仪器制造', '00764', 3, now()),
('00782', 'C4018', '钟表与计时仪器制造', '00764', 3, now()),
('00783', 'C4019', '光学仪器及眼镜制造', '00764', 3, now()),
('00784', 'C4020', '光学仪器制造', '00764', 3, now()),
('00785', 'C4021', '眼镜制造', '00764', 3, now()),
('00786', 'C4022', '其他仪器仪表制造业', '00764', 3, now()),
('00788', 'C4101', '日用杂品制造', '00787', 3, now()),
('00789', 'C4102', '鬃毛加工、制刷及清扫工具制造', '00787', 3, now()),
('00790', 'C4103', '其他日用杂品制造', '00787', 3, now()),
('00791', 'C4104', '煤制品制造', '00787', 3, now()),
('00792', 'C4105', '核辐射加工', '00787', 3, now()),
('00793', 'C4106', '其他未列明制造业', '00787', 3, now()),
('00795', 'C4201', '金属废料和碎屑加工处理', '00794', 3, now()),
('00796', 'C4202', '非金属废料和碎屑加工处理', '00794', 3, now()),
('00798', 'C4301', '金属制品修理', '00797', 3, now()),
('00799', 'C4302', '通用设备修理', '00797', 3, now()),
('00800', 'C4303', '专用设备修理', '00797', 3, now()),
('00801', 'C4304', '铁路、船舶、航空航天等运输设备修理', '00797', 3, now()),
('00802', 'C4305', '铁路运输设备修理', '00797', 3, now()),
('00803', 'C4306', '船舶修理', '00797', 3, now()),
('00804', 'C4307', '航空航天器修理', '00797', 3, now()),
('00805', 'C4308', '其他运输设备修理', '00797', 3, now()),
('00806', 'C4309', '电气设备修理', '00797', 3, now()),
('00807', 'C4310', '仪器仪表修理', '00797', 3, now()),
('00808', 'C4311', '其他机械和设备修理业', '00797', 3, now()),
('00811', 'D4401', '电力生产', '00810', 3, now()),
('00812', 'D4402', '火力发电', '00810', 3, now()),
('00813', 'D4403', '水力发电', '00810', 3, now()),
('00814', 'D4404', '核力发电', '00810', 3, now()),
('00815', 'D4405', '风力发电', '00810', 3, now()),
('00816', 'D4406', '太阳能发电', '00810', 3, now()),
('00817', 'D4407', '其他电力生产', '00810', 3, now()),
('00818', 'D4408', '电力供应', '00810', 3, now()),
('00819', 'D4409', '热力生产和供应', '00810', 3, now()),
('00821', 'D4501', '燃气生产和供应业', '00820', 3, now()),
('00823', 'D4601', '自来水生产和供应', '00822', 3, now()),
('00824', 'D4602', '污水处理及其再生利用', '00822', 3, now()),
('00825', 'D4603', '其他水的处理、利用与分配', '00822', 3, now()),
('00828', 'E4701', '房屋建筑业', '00827', 3, now()),
('00830', 'E4801', '铁路、道路、隧道和桥梁工程建筑', '00829', 3, now()),
('00831', 'E4802', '铁路工程建筑', '00829', 3, now()),
('00832', 'E4803', '公路工程建筑', '00829', 3, now()),
('00833', 'E4804', '市政道路工程建筑', '00829', 3, now()),
('00834', 'E4805', '其他道路、隧道和桥梁工程建筑', '00829', 3, now()),
('00835', 'E4806', '水利和内河港口工程建筑', '00829', 3, now()),
('00836', 'E4807', '水源及供水设施工程建筑', '00829', 3, now()),
('00837', 'E4808', '河湖治理及防洪设施工程建筑', '00829', 3, now()),
('00838', 'E4809', '港口及航运设施工程建筑', '00829', 3, now()),
('00839', 'E4810', '海洋工程建筑', '00829', 3, now()),
('00840', 'E4811', '工矿工程建筑', '00829', 3, now()),
('00841', 'E4812', '架线和管道工程建筑', '00829', 3, now()),
('00842', 'E4813', '架线及设备工程建筑', '00829', 3, now()),
('00843', 'E4814', '管道工程建筑', '00829', 3, now()),
('00844', 'E4815', '其他土木工程建筑', '00829', 3, now()),
('00846', 'E4901', '电气安装', '00845', 3, now()),
('00847', 'E4902', '管道和设备安装', '00845', 3, now()),
('00848', 'E4903', '其他建筑安装业', '00845', 3, now()),
('00850', 'E5001', '建筑装饰业', '00849', 3, now()),
('00851', 'E5002', '工程准备活动', '00849', 3, now()),
('00852', 'E5003', '建筑物拆除活动', '00849', 3, now()),
('00853', 'E5004', '其他工程准备活动', '00849', 3, now()),
('00854', 'E5005', '提供施工设备服务', '00849', 3, now()),
('00855', 'E5006', '其他未列明建筑业', '00849', 3, now()),
('00858', 'F5101', '农、林、牧产品批发', '00857', 3, now()),
('00859', 'F5102', '谷物、豆及薯类批发', '00857', 3, now()),
('00860', 'F5103', '种子批发', '00857', 3, now()),
('00861', 'F5104', '饲料批发', '00857', 3, now()),
('00862', 'F5105', '棉、麻批发', '00857', 3, now()),
('00863', 'F5106', '林业产品批发', '00857', 3, now()),
('00864', 'F5107', '牲畜批发', '00857', 3, now()),
('00865', 'F5108', '其他农牧产品批发', '00857', 3, now()),
('00866', 'F5109', '食品、饮料及烟草制品批发', '00857', 3, now()),
('00867', 'F5110', '米、面制品及食用油批发', '00857', 3, now()),
('00868', 'F5111', '糕点、糖果及糖批发', '00857', 3, now()),
('00869', 'F5112', '果品、蔬菜批发', '00857', 3, now()),
('00870', 'F5113', '肉、禽、蛋、奶及水产品批发', '00857', 3, now()),
('00871', 'F5114', '盐及调味品批发', '00857', 3, now()),
('00872', 'F5115', '营养和保健品批发', '00857', 3, now()),
('00873', 'F5116', '酒、饮料及茶叶批发', '00857', 3, now()),
('00874', 'F5117', '烟草制品批发', '00857', 3, now()),
('00875', 'F5118', '其他食品批发', '00857', 3, now()),
('00876', 'F5119', '纺织、服装及家庭用品批发', '00857', 3, now()),
('00877', 'F5120', '纺织品、针织品及原料批发', '00857', 3, now()),
('00878', 'F5121', '服装批发', '00857', 3, now()),
('00879', 'F5122', '鞋帽批发', '00857', 3, now()),
('00880', 'F5123', '化妆品及卫生用品批发', '00857', 3, now()),
('00881', 'F5124', '厨房、卫生间用具及日用杂货批发', '00857', 3, now()),
('00882', 'F5125', '灯具、装饰物品批发', '00857', 3, now()),
('00883', 'F5126', '家用电器批发', '00857', 3, now()),
('00884', 'F5127', '其他家庭用品批发', '00857', 3, now()),
('00885', 'F5128', '文化、体育用品及器材批发', '00857', 3, now()),
('00886', 'F5129', '文具用品批发', '00857', 3, now()),
('00887', 'F5130', '体育用品及器材批发', '00857', 3, now()),
('00888', 'F5131', '图书批发', '00857', 3, now()),
('00889', 'F5132', '报刊批发', '00857', 3, now()),
('00890', 'F5133', '音像制品及电子出版物批发', '00857', 3, now()),
('00891', 'F5134', '首饰、工艺品及收藏品批发', '00857', 3, now()),
('00892', 'F5135', '其他文化用品批发', '00857', 3, now()),
('00893', 'F5136', '医药及医疗器材批发', '00857', 3, now()),
('00894', 'F5137', '西药批发', '00857', 3, now()),
('00895', 'F5138', '中药批发', '00857', 3, now()),
('00896', 'F5139', '医疗用品及器材批发', '00857', 3, now()),
('00897', 'F5140', '矿产品、建材及化工产品批发', '00857', 3, now()),
('00898', 'F5141', '煤炭及制品批发', '00857', 3, now()),
('00899', 'F5142', '石油及制品批发', '00857', 3, now()),
('00900', 'F5143', '非金属矿及制品批发', '00857', 3, now()),
('00901', 'F5144', '金属及金属矿批发', '00857', 3, now()),
('00902', 'F5145', '建材批发', '00857', 3, now()),
('00903', 'F5146', '化肥批发', '00857', 3, now()),
('00904', 'F5147', '农药批发', '00857', 3, now()),
('00905', 'F5148', '农用薄膜批发', '00857', 3, now()),
('00906', 'F5149', '其他化工产品批发', '00857', 3, now()),
('00907', 'F5150', '机械设备、五金产品及电子产品批发', '00857', 3, now()),
('00908', 'F5151', '农业机械批发', '00857', 3, now()),
('00909', 'F5152', '汽车批发', '00857', 3, now()),
('00910', 'F5153', '汽车零配件批发', '00857', 3, now()),
('00911', 'F5154', '摩托车及零配件批发', '00857', 3, now()),
('00912', 'F5155', '五金产品批发', '00857', 3, now()),
('00913', 'F5156', '电气设备批发', '00857', 3, now()),
('00914', 'F5157', '计算机、软件及辅助设备批发', '00857', 3, now()),
('00915', 'F5158', '通讯及广播电视设备批发', '00857', 3, now()),
('00916', 'F5159', '其他机械设备及电子产品批发', '00857', 3, now()),
('00917', 'F5160', '贸易经纪与代理', '00857', 3, now()),
('00918', 'F5161', '贸易代理', '00857', 3, now()),
('00919', 'F5162', '拍卖', '00857', 3, now()),
('00920', 'F5163', '其他贸易经纪与代理', '00857', 3, now()),
('00921', 'F5164', '其他批发业', '00857', 3, now()),
('00922', 'F5165', '再生物资回收与批发', '00857', 3, now()),
('00923', 'F5166', '其他未列明批发业', '00857', 3, now()),
('00925', 'F5201', '综合零售', '00924', 3, now()),
('00926', 'F5202', '百货零售', '00924', 3, now()),
('00927', 'F5203', '超级市场零售', '00924', 3, now()),
('00928', 'F5204', '其他综合零售', '00924', 3, now()),
('00929', 'F5205', '食品、饮料及烟草制品专门零售', '00924', 3, now()),
('00930', 'F5206', '粮油零售', '00924', 3, now()),
('00931', 'F5207', '糕点、面包零售', '00924', 3, now()),
('00932', 'F5208', '果品、蔬菜零售', '00924', 3, now()),
('00933', 'F5209', '肉、禽、蛋、奶及水产品零售', '00924', 3, now()),
('00934', 'F5210', '营养和保健品零售', '00924', 3, now()),
('00935', 'F5211', '酒、饮料及茶叶零售', '00924', 3, now()),
('00936', 'F5212', '烟草制品零售', '00924', 3, now()),
('00937', 'F5213', '其他食品零售', '00924', 3, now()),
('00938', 'F5214', '纺织、服装及日用品专门零售', '00924', 3, now()),
('00939', 'F5215', '纺织品及针织品零售', '00924', 3, now()),
('00940', 'F5216', '服装零售', '00924', 3, now()),
('00941', 'F5217', '鞋帽零售', '00924', 3, now()),
('00942', 'F5218', '化妆品及卫生用品零售', '00924', 3, now()),
('00943', 'F5219', '钟表、眼镜零售', '00924', 3, now()),
('00944', 'F5220', '箱、包零售', '00924', 3, now()),
('00945', 'F5221', '厨房用具及日用杂品零售', '00924', 3, now()),
('00946', 'F5222', '自行车零售', '00924', 3, now()),
('00947', 'F5223', '其他日用品零售', '00924', 3, now()),
('00948', 'F5224', '文化、体育用品及器材专门零售', '00924', 3, now()),
('00949', 'F5225', '文具用品零售', '00924', 3, now()),
('00950', 'F5226', '体育用品及器材零售', '00924', 3, now()),
('00951', 'F5227', '图书、报刊零售', '00924', 3, now()),
('00952', 'F5228', '音像制品及电子出版物零售', '00924', 3, now()),
('00953', 'F5229', '珠宝首饰零售', '00924', 3, now()),
('00954', 'F5230', '工艺美术品及收藏品零售', '00924', 3, now()),
('00955', 'F5231', '乐器零售', '00924', 3, now()),
('00956', 'F5232', '照相器材零售', '00924', 3, now()),
('00957', 'F5233', '其他文化用品零售', '00924', 3, now()),
('00958', 'F5234', '医药及医疗器材专门零售', '00924', 3, now()),
('00959', 'F5235', '药品零售', '00924', 3, now()),
('00960', 'F5236', '医疗用品及器材零售', '00924', 3, now()),
('00961', 'F5237', '汽车、摩托车、燃料及零配件专门零售', '00924', 3, now()),
('00962', 'F5238', '汽车零售', '00924', 3, now()),
('00963', 'F5239', '汽车零配件零售', '00924', 3, now()),
('00964', 'F5240', '摩托车及零配件零售', '00924', 3, now()),
('00965', 'F5241', '机动车燃料零售', '00924', 3, now()),
('00966', 'F5242', '家用电器及电子产品专门零售', '00924', 3, now()),
('00967', 'F5243', '家用视听设备零售', '00924', 3, now()),
('00968', 'F5244', '日用家电设备零售', '00924', 3, now()),
('00969', 'F5245', '计算机、软件及辅助设备零售', '00924', 3, now()),
('00970', 'F5246', '通信设备零售', '00924', 3, now()),
('00971', 'F5247', '其他电子产品零售', '00924', 3, now()),
('00972', 'F5248', '五金、家具及室内装饰材料专门零售', '00924', 3, now()),
('00973', 'F5249', '五金零售', '00924', 3, now()),
('00974', 'F5250', '灯具零售', '00924', 3, now()),
('00975', 'F5251', '家具零售', '00924', 3, now()),
('00976', 'F5252', '涂料零售', '00924', 3, now()),
('00977', 'F5253', '卫生洁具零售', '00924', 3, now()),
('00978', 'F5254', '木质装饰材料零售', '00924', 3, now()),
('00979', 'F5255', '陶瓷、石材装饰材料零售', '00924', 3, now()),
('00980', 'F5256', '其他室内装饰材料零售', '00924', 3, now()),
('00981', 'F5257', '货摊、无店铺及其他零售业', '00924', 3, now()),
('00982', 'F5258', '货摊食品零售', '00924', 3, now()),
('00983', 'F5259', '货摊纺织、服装及鞋零售', '00924', 3, now()),
('00984', 'F5260', '货摊日用品零售', '00924', 3, now()),
('00985', 'F5261', '互联网零售', '00924', 3, now()),
('00986', 'F5262', '邮购及电视、电话零售', '00924', 3, now()),
('00987', 'F5263', '旧货零售', '00924', 3, now()),
('00988', 'F5264', '生活用燃料零售', '00924', 3, now()),
('00989', 'F5265', '其他未列明零售业', '00924', 3, now()),
('00992', 'G5301', '铁路旅客运输', '00991', 3, now()),
('00993', 'G5302', '铁路货物运输', '00991', 3, now()),
('00994', 'G5303', '铁路运输辅助活动', '00991', 3, now()),
('00995', 'G5304', '客运火车站', '00991', 3, now()),
('00996', 'G5305', '货运火车站', '00991', 3, now()),
('00997', 'G5306', '其他铁路运输辅助活动', '00991', 3, now()),
('00999', 'G5401', '城市公共交通运输', '00998', 3, now()),
('01000', 'G5402', '公共电汽车客运', '00998', 3, now()),
('01001', 'G5403', '城市轨道交通', '00998', 3, now()),
('01002', 'G5404', '出租车客运', '00998', 3, now()),
('01003', 'G5405', '其他城市公共交通运输', '00998', 3, now()),
('01004', 'G5406', '公路旅客运输', '00998', 3, now()),
('01005', 'G5407', '道路货物运输', '00998', 3, now()),
('01006', 'G5408', '道路运输辅助活动', '00998', 3, now()),
('01007', 'G5409', '客运汽车站', '00998', 3, now()),
('01008', 'G5410', '公路管理与养护', '00998', 3, now()),
('01009', 'G5411', '其他道路运输辅助活动', '00998', 3, now()),
('01011', 'G5501', '水上旅客运输', '01010', 3, now()),
('01012', 'G5502', '海洋旅客运输', '01010', 3, now()),
('01013', 'G5503', '内河旅客运输', '01010', 3, now()),
('01014', 'G5504', '客运轮渡运输', '01010', 3, now()),
('01015', 'G5505', '水上货物运输', '01010', 3, now()),
('01016', 'G5506', '远洋货物运输', '01010', 3, now()),
('01017', 'G5507', '沿海货物运输', '01010', 3, now()),
('01018', 'G5508', '内河货物运输', '01010', 3, now()),
('01019', 'G5509', '水上运输辅助活动', '01010', 3, now()),
('01020', 'G5510', '客运港口', '01010', 3, now()),
('01021', 'G5511', '货运港口', '01010', 3, now()),
('01022', 'G5512', '其他水上运输辅助活动', '01010', 3, now()),
('01024', 'G5601', '航空客货运输', '01023', 3, now()),
('01025', 'G5602', '航空旅客运输', '01023', 3, now()),
('01026', 'G5603', '航空货物运输', '01023', 3, now()),
('01027', 'G5604', '通用航空服务', '01023', 3, now()),
('01028', 'G5605', '航空运输辅助活动', '01023', 3, now()),
('01029', 'G5606', '机场', '01023', 3, now()),
('01030', 'G5607', '空中交通管理', '01023', 3, now()),
('01031', 'G5608', '其他航空运输辅助活动', '01023', 3, now()),
('01033', 'G5701', '管道运输业', '01032', 3, now()),
('01035', 'G5801', '多式联运', '01034', 3, now()),
('01036', 'G5802', '运输代理业', '01034', 3, now()),
('01037', 'G5803', '货物运输代理', '01034', 3, now()),
('01038', 'G5804', '旅客票务代理', '01034', 3, now()),
('01039', 'G5805', '其他运输代理业', '01034', 3, now()),
('01041', 'G5901', '装卸搬运', '01040', 3, now()),
('01042', 'G5902', '通用仓储', '01040', 3, now()),
('01043', 'G5903', '低温仓储', '01040', 3, now()),
('01044', 'G5904', '危险品仓储', '01040', 3, now()),
('01045', 'G5905', '油气仓储', '01040', 3, now()),
('01046', 'G5906', '危险化学品仓储', '01040', 3, now()),
('01047', 'G5907', '其它危险品仓储', '01040', 3, now()),
('01048', 'G5908', '谷物、棉花等农产品仓储', '01040', 3, now()),
('01049', 'G5909', '谷物仓储', '01040', 3, now()),
('01050', 'G5910', '棉花仓储', '01040', 3, now()),
('01051', 'G5911', '其他农产品仓储', '01040', 3, now()),
('01052', 'G5912', '中药材仓储', '01040', 3, now()),
('01053', 'G5913', '其他仓储业', '01040', 3, now()),
('01055', 'G6001', '邮政基本服务', '01054', 3, now()),
('01056', 'G6002', '快递服务', '01054', 3, now()),
('01057', 'G6003', '其它寄递服务', '01054', 3, now()),
('01060', 'H6101', '旅游饭店', '01059', 3, now()),
('01061', 'H6102', '一般旅馆', '01059', 3, now()),
('01062', 'H6103', '经济型连锁酒店', '01059', 3, now()),
('01063', 'H6104', '其他一般旅馆', '01059', 3, now()),
('01064', 'H6105', '民宿服务', '01059', 3, now()),
('01065', 'H6106', '露营地服务', '01059', 3, now()),
('01066', 'H6107', '其他住宿业', '01059', 3, now()),
('01068', 'H6201', '正餐服务', '01067', 3, now()),
('01069', 'H6202', '快餐服务', '01067', 3, now()),
('01070', 'H6203', '饮料及冷饮服务', '01067', 3, now()),
('01071', 'H6204', '茶馆服务', '01067', 3, now()),
('01072', 'H6205', '咖啡馆服务', '01067', 3, now()),
('01073', 'H6206', '酒吧服务', '01067', 3, now()),
('01074', 'H6207', '其他饮料及冷饮服务', '01067', 3, now()),
('01075', 'H6208', '其他餐饮业', '01067', 3, now()),
('01076', 'H6209', '小吃服务', '01067', 3, now()),
('01077', 'H6210', '餐饮配送服务', '01067', 3, now()),
('01078', 'H6211', '其他未列明餐饮业', '01067', 3, now()),
('01081', 'I6301', '电信', '01080', 3, now()),
('01082', 'I6302', '固定电信服务', '01080', 3, now()),
('01083', 'I6303', '移动电信服务', '01080', 3, now()),
('01084', 'I6304', '其他电信服务', '01080', 3, now()),
('01085', 'I6305', '广播电视传输服务', '01080', 3, now()),
('01086', 'I6306', '有线广播电视传输服务', '01080', 3, now()),
('01087', 'I6307', '无线广播电视传输服务', '01080', 3, now()),
('01088', 'I6308', '卫星传输服务', '01080', 3, now()),
('01090', 'I6401', '互联网接入及相关服务', '01089', 3, now()),
('01091', 'I6402', '互联网信息服务', '01089', 3, now()),
('01092', 'I6403', '其他互联网服务', '01089', 3, now()),
('01094', 'I6501', '软件开发', '01093', 3, now()),
('01095', 'I6502', '信息系统集成服务', '01093', 3, now()),
('01096', 'I6503', '信息技术咨询服务', '01093', 3, now()),
('01097', 'I6504', '数据处理和存储服务', '01093', 3, now()),
('01098', 'I6505', '集成电路设计', '01093', 3, now()),
('01099', 'I6506', '其他信息技术服务业', '01093', 3, now()),
('01100', 'I6507', '数字内容服务', '01093', 3, now()),
('01101', 'I6508', '呼叫中心', '01093', 3, now()),
('01102', 'I6509', '其他未列明信息技术服务业', '01093', 3, now()),
('01105', 'J6601', '中央银行服务', '01104', 3, now()),
('01106', 'J6602', '货币银行服务', '01104', 3, now()),
('01107', 'J6603', '非货币银行服务', '01104', 3, now()),
('01108', 'J6604', '金融租赁服务', '01104', 3, now()),
('01109', 'J6605', '财务公司', '01104', 3, now()),
('01110', 'J6606', '典当', '01104', 3, now()),
('01111', 'J6607', '其他非货币银行服务', '01104', 3, now()),
('01112', 'J6608', '银行监管服务', '01104', 3, now()),
('01114', 'J6701', '证券市场服务', '01113', 3, now()),
('01115', 'J6702', '证券市场管理服务', '01113', 3, now()),
('01116', 'J6703', '证券经纪交易服务', '01113', 3, now()),
('01118', 'J6704', '基金管理服务', '01113', 3, now()),
('01119', 'J6705', '期货市场服务', '01113', 3, now()),
('01120', 'J6706', '期货市场管理服务', '01113', 3, now()),
('01121', 'J6707', '其他期货市场服务', '01113', 3, now()),
('01122', 'J6708', '证券期货监管服务', '01113', 3, now()),
('01123', 'J6709', '资本投资服务', '01113', 3, now()),
('01124', 'J6710', '其他资本市场服务', '01113', 3, now()),
('01126', 'J6801', '人身保险', '01125', 3, now()),
('01127', 'J6802', '人寿保险', '01125', 3, now()),
('01128', 'J6803', '健康和意外保险', '01125', 3, now()),
('01129', 'J6804', '财产保险', '01125', 3, now()),
('01130', 'J6805', '再保险', '01125', 3, now()),
('01131', 'J6806', '养老金', '01125', 3, now()),
('01132', 'J6807', '保险经纪与代理服务', '01125', 3, now()),
('01133', 'J6808', '保险监管服务', '01125', 3, now()),
('01134', 'J6809', '其他保险活动', '01125', 3, now()),
('01135', 'J6810', '风险和损失评估', '01125', 3, now()),
('01136', 'J6811', '其他未列明保险活动', '01125', 3, now()),
('01138', 'J6901', '金融信托与管理服务', '01137', 3, now()),
('01139', 'J6902', '控股公司服务', '01137', 3, now()),
('01140', 'J6903', '非金融机构支付服务', '01137', 3, now()),
('01141', 'J6904', '金融信息服务', '01137', 3, now()),
('01142', 'J6905', '其他未列明金融业', '01137', 3, now()),
('01145', 'K7001', '房地产开发经营', '01144', 3, now()),
('01146', 'K7002', '物业管理', '01144', 3, now()),
('01147', 'K7003', '房地产中介服务', '01144', 3, now()),
('01148', 'K7004', '自有房地产经营活动', '01144', 3, now()),
('01149', 'K7005', '其他房地产业', '01144', 3, now()),
('01152', 'L7101', '机械设备租赁', '01151', 3, now()),
('01153', 'L7102', '汽车租赁', '01151', 3, now()),
('01154', 'L7103', '农业机械租赁', '01151', 3, now()),
('01155', 'L7104', '建筑工程机械与设备租赁', '01151', 3, now()),
('01156', 'L7105', '计算机及通讯设备租赁', '01151', 3, now()),
('01157', 'L7106', '其他机械与设备租赁', '01151', 3, now()),
('01158', 'L7107', '文化及日用品出租', '01151', 3, now()),
('01159', 'L7108', '娱乐及体育设备出租', '01151', 3, now()),
('01160', 'L7109', '图书出租', '01151', 3, now()),
('01161', 'L7110', '音像制品出租', '01151', 3, now()),
('01162', 'L7111', '其他文化及日用品出租', '01151', 3, now()),
('01164', 'L7201', '企业管理服务', '01163', 3, now()),
('01165', 'L7202', '企业总部管理', '01163', 3, now()),
('01166', 'L7203', '投资与资产管理', '01163', 3, now()),
('01167', 'L7204', '单位后勤管理服务', '01163', 3, now()),
('01168', 'L7205', '其他企业管理服务', '01163', 3, now()),
('01169', 'L7206', '法律服务', '01163', 3, now()),
('01170', 'L7207', '律师及相关法律服务', '01163', 3, now()),
('01171', 'L7208', '公证服务', '01163', 3, now()),
('01172', 'L7209', '其他法律服务', '01163', 3, now()),
('01173', 'L7210', '咨询与调查', '01163', 3, now()),
('01174', 'L7211', '会计、审计及税务服务', '01163', 3, now()),
('01175', 'L7212', '市场调查', '01163', 3, now()),
('01176', 'L7213', '社会经济咨询', '01163', 3, now()),
('01177', 'L7214', '其他专业咨询', '01163', 3, now()),
('01178', 'L7215', '广告业', '01163', 3, now()),
('01179', 'L7216', '知识产权服务', '01163', 3, now()),
('01180', 'L7217', '人力资源服务', '01163', 3, now()),
('01181', 'L7218', '公共就业服务', '01163', 3, now()),
('01182', 'L7219', '职业中介服务', '01163', 3, now()),
('01183', 'L7220', '劳务派遣服务', '01163', 3, now()),
('01184', 'L7221', '其他人力资源服务', '01163', 3, now()),
('01185', 'L7222', '旅行社及相关服务', '01163', 3, now()),
('01186', 'L7223', '旅行社服务', '01163', 3, now()),
('01187', 'L7224', '旅游管理服务', '01163', 3, now()),
('01188', 'L7225', '其他旅行社相关服务', '01163', 3, now()),
('01189', 'L7226', '安全保护服务', '01163', 3, now()),
('01190', 'L7227', '安全服务', '01163', 3, now()),
('01191', 'L7228', '安全系统监控服务', '01163', 3, now()),
('01192', 'L7229', '其他安全保护服务', '01163', 3, now()),
('01193', 'L7230', '其他商务服务业', '01163', 3, now()),
('01194', 'L7231', '市场管理', '01163', 3, now()),
('01195', 'L7232', '会议及展览服务', '01163', 3, now()),
('01196', 'L7233', '包装服务', '01163', 3, now()),
('01197', 'L7234', '办公服务', '01163', 3, now()),
('01198', 'L7235', '信用服务', '01163', 3, now()),
('01199', 'L7236', '担保服务', '01163', 3, now()),
('01200', 'L7237', '其他未列明商务服务业', '01163', 3, now()),
('01203', 'M7301', '自然科学研究和试验发展', '01202', 3, now()),
('01204', 'M7302', '工程和技术研究和试验发展', '01202', 3, now()),
('01205', 'M7303', '农业科学研究和试验发展', '01202', 3, now()),
('01206', 'M7304', '医学研究和试验发展', '01202', 3, now()),
('01207', 'M7305', '社会人文科学研究', '01202', 3, now()),
('01209', 'M7401', '气象服务', '01208', 3, now()),
('01210', 'M7402', '地震服务', '01208', 3, now()),
('01211', 'M7403', '海洋服务', '01208', 3, now()),
('01212', 'M7404', '测绘服务', '01208', 3, now()),
('01213', 'M7405', '质检技术服务', '01208', 3, now()),
('01214', 'M7406', '检验检疫服务', '01208', 3, now()),
('01215', 'M7407', '检测服务', '01208', 3, now()),
('01216', 'M7408', '计量服务', '01208', 3, now()),
('01217', 'M7409', '标准化服务', '01208', 3, now()),
('01218', 'M7410', '认证认可服务', '01208', 3, now()),
('01219', 'M7411', '其它质检服务', '01208', 3, now()),
('01220', 'M7412', '环境与生态监测', '01208', 3, now()),
('01221', 'M7413', '环境保护监测', '01208', 3, now()),
('01222', 'M7414', '生态资源监测', '01208', 3, now()),
('01223', 'M7415', '野生动物疫源疫病防控监测', '01208', 3, now()),
('01224', 'M7416', '地质勘查', '01208', 3, now()),
('01225', 'M7417', '能源矿产地质勘查', '01208', 3, now()),
('01226', 'M7418', '固体矿产地质勘查', '01208', 3, now()),
('01227', 'M7419', '水、二氧化碳等矿产地质勘查', '01208', 3, now()),
('01228', 'M7420', '基础地质勘查', '01208', 3, now()),
('01229', 'M7421', '地质勘查技术服务', '01208', 3, now()),
('01230', 'M7422', '工程技术', '01208', 3, now()),
('01231', 'M7423', '工程管理服务', '01208', 3, now()),
('01232', 'M7424', '工程勘察设计', '01208', 3, now()),
('01233', 'M7425', '规划管理', '01208', 3, now()),
('01234', 'M7426', '其他专业技术服务业', '01208', 3, now()),
('01235', 'M7427', '专业化设计服务', '01208', 3, now()),
('01236', 'M7428', '兽医服务', '01208', 3, now()),
('01237', 'M7429', '其他未列明专业技术服务业', '01208', 3, now()),
('01239', 'M7501', '技术推广服务', '01238', 3, now()),
('01240', 'M7502', '农业技术推广服务', '01238', 3, now()),
('01241', 'M7503', '生物技术推广服务', '01238', 3, now()),
('01242', 'M7504', '新材料技术推广服务', '01238', 3, now()),
('01243', 'M7505', '节能技术推广服务', '01238', 3, now()),
('01244', 'M7506', '其他技术推广服务', '01238', 3, now()),
('01245', 'M7507', '科技中介服务', '01238', 3, now()),
('01246', 'M7508', '其他科技推广和应用服务业', '01238', 3, now()),
('01249', 'N7601', '防洪除涝设施管理', '01248', 3, now()),
('01250', 'N7602', '水资源管理', '01248', 3, now()),
('01251', 'N7603', '天然水收集与分配', '01248', 3, now()),
('01252', 'N7604', '水文服务', '01248', 3, now()),
('01253', 'N7605', '其他水利管理业', '01248', 3, now()),
('01255', 'N7701', '生态保护', '01254', 3, now()),
('01256', 'N7702', '自然保护区管理', '01254', 3, now()),
('01257', 'N7703', '野生动物保护', '01254', 3, now()),
('01258', 'N7704', '野生植物保护', '01254', 3, now()),
('01259', 'N7705', '其他自然保护', '01254', 3, now()),
('01260', 'N7706', '环境治理业', '01254', 3, now()),
('01261', 'N7707', '水污染治理', '01254', 3, now()),
('01262', 'N7708', '大气污染治理', '01254', 3, now()),
('01263', 'N7709', '固体废物治理', '01254', 3, now()),
('01264', 'N7710', '危险废物治理', '01254', 3, now()),
('01265', 'N7711', '放射性废物治理', '01254', 3, now()),
('01266', 'N7712', '其他污染治理', '01254', 3, now()),
('01268', 'N7801', '市政设施管理', '01267', 3, now()),
('01269', 'N7802', '环境卫生管理', '01267', 3, now()),
('01270', 'N7803', '城乡市容管理', '01267', 3, now()),
('01271', 'N7804', '绿化管理', '01267', 3, now()),
('01272', 'N7805', '公园和游览景区管理', '01267', 3, now()),
('01273', 'N7806', '公园管理', '01267', 3, now()),
('01274', 'N7807', '游览景区管理', '01267', 3, now()),
('01276', 'N7901', '土地整治服务', '01275', 3, now()),
('01277', 'N7902', '土地调查评估服务', '01275', 3, now()),
('01278', 'N7903', '土地登记服务', '01275', 3, now()),
('01279', 'N7904', '土地登记代理服务', '01275', 3, now()),
('01280', 'N7905', '其它土地管理服务', '01275', 3, now()),
('01283', 'O8001', '家庭服务', '01282', 3, now()),
('01284', 'O8002', '托儿所服务', '01282', 3, now()),
('01285', 'O8003', '洗染服务', '01282', 3, now()),
('01286', 'O8004', '理发及美容服务', '01282', 3, now()),
('01287', 'O8005', '洗浴服务及保健养生服务', '01282', 3, now()),
('01288', 'O8006', '洗浴服务', '01282', 3, now()),
('01289', 'O8007', '足浴服务', '01282', 3, now()),
('01290', 'O8008', '养生保健服务', '01282', 3, now()),
('01291', 'O8009', '摄影扩印服务', '01282', 3, now()),
('01292', 'O8010', '婚姻服务', '01282', 3, now()),
('01293', 'O8011', '殡葬服务', '01282', 3, now()),
('01294', 'O8012', '其他居民服务业', '01282', 3, now()),
('01296', 'O8101', '汽车、摩托车修理与维护', '01295', 3, now()),
('01297', 'O8102', '汽车修理与维护', '01295', 3, now()),
('01298', 'O8103', '摩托车修理与维护', '01295', 3, now()),
('01299', 'O8104', '计算机和办公设备维修', '01295', 3, now()),
('01300', 'O8105', '计算机和辅助设备修理', '01295', 3, now()),
('01301', 'O8106', '通讯设备修理', '01295', 3, now()),
('01302', 'O8107', '其他办公设备维修', '01295', 3, now()),
('01303', 'O8108', '家用电器修理', '01295', 3, now()),
('01304', 'O8109', '家用电子产品修理', '01295', 3, now()),
('01305', 'O8110', '日用电器修理', '01295', 3, now()),
('01306', 'O8111', '其他日用产品修理业', '01295', 3, now()),
('01307', 'O8112', '自行车修理', '01295', 3, now()),
('01308', 'O8113', '鞋和皮革修理', '01295', 3, now()),
('01309', 'O8114', '家具和相关物品修理', '01295', 3, now()),
('01310', 'O8115', '其他未列明日用产品修理业', '01295', 3, now()),
('01312', 'O8201', '清洁服务', '01311', 3, now()),
('01313', 'O8202', '建筑物清洁服务', '01311', 3, now()),
('01314', 'O8203', '其他清洁服务', '01311', 3, now()),
('01315', 'O8204', '其他未列明服务业', '01311', 3, now()),
('01318', 'P8301', '学前教育', '01317', 3, now()),
('01319', 'P8302', '初等教育', '01317', 3, now()),
('01320', 'P8303', '普通小学教育', '01317', 3, now()),
('01321', 'P8304', '成人小学教育', '01317', 3, now()),
('01322', 'P8305', '中等教育', '01317', 3, now()),
('01323', 'P8306', '普通初中教育', '01317', 3, now()),
('01324', 'P8307', '职业初中教育', '01317', 3, now()),
('01325', 'P8308', '成人初中教育', '01317', 3, now()),
('01326', 'P8309', '普通高中教育', '01317', 3, now()),
('01327', 'P8310', '成人高中教育', '01317', 3, now()),
('01328', 'P8311', '中等职业学校教育', '01317', 3, now()),
('01329', 'P8312', '高等教育', '01317', 3, now()),
('01330', 'P8313', '普通高等教育', '01317', 3, now()),
('01331', 'P8314', '成人高等教育', '01317', 3, now()),
('01332', 'P8315', '特殊教育', '01317', 3, now()),
('01333', 'P8316', '技能培训、教育辅助及其他教育', '01317', 3, now()),
('01334', 'P8317', '职业技能培训', '01317', 3, now()),
('01335', 'P8318', '体校及体育培训', '01317', 3, now()),
('01336', 'P8319', '文化艺术培训', '01317', 3, now()),
('01337', 'P8320', '教育辅助服务', '01317', 3, now()),
('01338', 'P8321', '其他未列明教育', '01317', 3, now()),
('01341', 'Q8401', '医院', '01340', 3, now()),
('01342', 'Q8402', '综合医院', '01340', 3, now()),
('01343', 'Q8403', '中医医院', '01340', 3, now()),
('01344', 'Q8404', '中西医结合医院', '01340', 3, now()),
('01345', 'Q8405', '民族医院', '01340', 3, now()),
('01346', 'Q8406', '专科医院', '01340', 3, now()),
('01347', 'Q8407', '疗养院', '01340', 3, now()),
('01348', 'Q8408', '社区医疗与卫生院', '01340', 3, now()),
('01349', 'Q8409', '社区卫生服务中心（站）', '01340', 3, now()),
('01350', 'Q8410', '街道卫生院', '01340', 3, now()),
('01351', 'Q8411', '乡镇卫生院', '01340', 3, now()),
('01352', 'Q8412', '门诊部（所）', '01340', 3, now()),
('01353', 'Q8413', '计划生育技术服务活动', '01340', 3, now()),
('01354', 'Q8414', '妇幼保健院（所、站）', '01340', 3, now()),
('01355', 'Q8415', '专科疾病防治院（所、站）', '01340', 3, now()),
('01356', 'Q8416', '疾病预防控制中心', '01340', 3, now()),
('01357', 'Q8417', '其他卫生活动', '01340', 3, now()),
('01359', 'Q8501', '提供住宿社会工作', '01358', 3, now()),
('01360', 'Q8502', '干部休养所', '01358', 3, now()),
('01361', 'Q8503', '护理机构服务', '01358', 3, now()),
('01362', 'Q8504', '精神康复服务', '01358', 3, now()),
('01363', 'Q8505', '老年人、残疾人养护服务', '01358', 3, now()),
('01364', 'Q8506', '孤残儿童收养和庇护服务', '01358', 3, now()),
('01365', 'Q8507', '其他提供住宿社会救助', '01358', 3, now()),
('01366', 'Q8508', '不提供住宿社会工作', '01358', 3, now()),
('01367', 'Q8509', '社会看护与帮助服务', '01358', 3, now()),
('01368', 'Q8510', '其他不提供住宿社会工作', '01358', 3, now()),
('01371', 'R8601', '新闻业', '01370', 3, now()),
('01372', 'R8602', '出版业', '01370', 3, now()),
('01373', 'R8603', '图书出版', '01370', 3, now()),
('01374', 'R8604', '报纸出版', '01370', 3, now()),
('01375', 'R8605', '期刊出版', '01370', 3, now()),
('01376', 'R8606', '音像制品出版', '01370', 3, now()),
('01377', 'R8607', '电子出版物出版', '01370', 3, now()),
('01378', 'R8608', '其他出版业', '01370', 3, now()),
('01380', 'R8701', '广播', '01379', 3, now()),
('01381', 'R8702', '电视', '01379', 3, now()),
('01382', 'R8703', '电影和影视节目制作', '01379', 3, now()),
('01383', 'R8704', '电影和影视节目发行', '01379', 3, now()),
('01384', 'R8705', '电影放映', '01379', 3, now()),
('01385', 'R8706', '录音制作', '01379', 3, now()),
('01387', 'R8801', '文艺创作与表演', '01386', 3, now()),
('01388', 'R8802', '艺术表演场馆', '01386', 3, now()),
('01389', 'R8803', '图书馆与档案馆', '01386', 3, now()),
('01390', 'R8804', '图书馆', '01386', 3, now()),
('01391', 'R8805', '档案馆', '01386', 3, now()),
('01392', 'R8806', '文物及非物质文化遗产保护', '01386', 3, now()),
('01393', 'R8807', '博物馆', '01386', 3, now()),
('01394', 'R8808', '烈士陵园、纪念馆', '01386', 3, now()),
('01395', 'R8809', '群众文化活动', '01386', 3, now()),
('01396', 'R8810', '其他文化艺术业', '01386', 3, now()),
('01398', 'R8901', '体育组织', '01397', 3, now()),
('01399', 'R8902', '体育场馆', '01397', 3, now()),
('01400', 'R8903', '休闲健身活动', '01397', 3, now()),
('01401', 'R8904', '其他体育', '01397', 3, now()),
('01403', 'R9001', '室内娱乐活动', '01402', 3, now()),
('01404', 'R9002', '歌舞厅娱乐活动', '01402', 3, now()),
('01405', 'R9003', '电子游艺厅娱乐活动', '01402', 3, now()),
('01406', 'R9004', '网吧活动', '01402', 3, now()),
('01407', 'R9005', '其他室内娱乐活动', '01402', 3, now()),
('01408', 'R9006', '游乐园', '01402', 3, now()),
('01409', 'R9007', '彩票活动', '01402', 3, now()),
('01410', 'R9008', '文化、娱乐、体育经纪代理', '01402', 3, now()),
('01411', 'R9009', '文化娱乐经纪人', '01402', 3, now()),
('01412', 'R9010', '体育经纪人', '01402', 3, now()),
('01413', 'R9011', '其他文化艺术经纪代理', '01402', 3, now()),
('01414', 'R9012', '其他娱乐业', '01402', 3, now()),
('01417', 'S9101', '中国共产党机关', '01416', 3, now()),
('01419', 'S9201', '国家权力机构', '01418', 3, now()),
('01420', 'S9202', '国家行政机构', '01418', 3, now()),
('01421', 'S9203', '综合事务管理机构', '01418', 3, now()),
('01422', 'S9204', '对外事务管理机构', '01418', 3, now()),
('01423', 'S9205', '公共安全管理机构', '01418', 3, now()),
('01424', 'S9206', '社会事务管理机构', '01418', 3, now()),
('01425', 'S9207', '经济事务管理机构', '01418', 3, now()),
('01426', 'S9208', '行政监督检查机构', '01418', 3, now()),
('01427', 'S9209', '人民法院和人民检察院', '01418', 3, now()),
('01428', 'S9210', '人民法院', '01418', 3, now()),
('01429', 'S9211', '人民检察院', '01418', 3, now()),
('01430', 'S9212', '其他国家机构', '01418', 3, now()),
('01432', 'S9301', '人民政协', '01431', 3, now()),
('01433', 'S9302', '民主党派', '01431', 3, now()),
('01435', 'S9401', '社会保障', '01434', 3, now()),
('01437', 'S9501', '群众团体', '01436', 3, now()),
('01438', 'S9502', '工会', '01436', 3, now()),
('01439', 'S9503', '妇联', '01436', 3, now()),
('01440', 'S9504', '共青团', '01436', 3, now()),
('01441', 'S9505', '其他群众团体', '01436', 3, now()),
('01442', 'S9506', '社会团体', '01436', 3, now()),
('01443', 'S9507', '专业性团体', '01436', 3, now()),
('01444', 'S9508', '行业性团体', '01436', 3, now()),
('01445', 'S9509', '其他社会团体', '01436', 3, now()),
('01446', 'S9510', '基金会', '01436', 3, now()),
('01447', 'S9511', '宗教组织', '01436', 3, now()),
('01449', 'S9601', '社区自治组织', '01448', 3, now()),
('01450', 'S9602', '村民自治组织', '01448', 3, now()),
('01453', 'T9701', '国际组织', '01452', 3, now());